Age,Gender,Department,JobRole,MonthlyIncome,YearsAtCompany,JobSatisfaction,WorkLifeBalance,OverTime,DistanceFromHome,TrainingTimesLastYear,PerformanceRating,Attrition
21,Female,Research & Development,Healthcare Representative,25133,18,1,4,No,15,3,3,0
50,Female,Research & Development,Healthcare Representative,82708,21,2,3,No,33,0,4,0
45,Female,Sales,Sales Executive,91938,3,3,3,No,28,2,1,0
36,Female,Research & Development,Research Scientist,113873,6,1,2,Yes,7,5,1,0
36,Female,Sales,Manager,92245,0,4,4,Yes,39,4,3,1
54,Male,Research & Development,Manager,40410,12,1,1,No,6,6,3,0
21,Female,Research & Development,Healthcare Representative,64520,12,4,2,Yes,11,5,3,0
47,Male,Sales,Research Scientist,74911,0,3,4,No,29,2,4,0
26,Female,Sales,Healthcare Representative,147832,16,4,2,Yes,21,5,1,0
21,Female,Research & Development,Sales Executive,86891,0,4,1,No,18,6,4,0
40,Male,Sales,Research Scientist,100722,19,3,2,No,37,4,1,0
58,Female,Human Resources,Healthcare Representative,114301,17,4,2,No,31,5,3,0
48,Male,Research & Development,Manager,63902,20,2,3,No,38,3,4,0
49,Female,Research & Development,Manager,145201,2,3,1,No,12,6,3,0
48,Male,Sales,Human Resources,106112,21,4,2,Yes,34,1,1,0
51,Male,Research & Development,Research Director,129517,13,1,4,No,9,2,3,0
39,Female,Human Resources,Manufacturing Director,116144,21,2,1,No,32,1,4,0
23,Male,Sales,Research Director,98904,17,1,4,Yes,22,0,1,0
53,Female,Research & Development,Sales Executive,19168,16,3,1,No,24,4,4,0
36,Female,Sales,Research Director,93791,0,4,2,No,5,0,3,0
39,Male,Research & Development,Manufacturing Director,32483,17,1,3,No,35,1,1,0
33,Male,Research & Development,Sales Representative,96430,11,3,4,No,11,5,2,0
25,Male,Research & Development,Human Resources,109688,21,2,2,No,24,1,4,0
56,Male,Research & Development,Sales Representative,88599,17,4,1,Yes,7,6,2,0
50,Male,Research & Development,Human Resources,56639,1,1,4,Yes,37,0,4,1
45,Female,Sales,Sales Executive,23013,22,1,4,Yes,13,3,2,0
34,Male,Sales,Research Scientist,105592,1,1,3,No,30,0,2,0
52,Female,Human Resources,Manager,109270,7,2,1,Yes,30,0,4,0
40,Male,Research & Development,Healthcare Representative,79521,5,2,3,No,22,5,4,0
36,Female,Research & Development,Research Scientist,111705,24,4,2,No,5,0,1,0
36,Female,Research & Development,Sales Representative,120180,3,2,2,No,11,6,4,0
27,Male,Sales,Sales Executive,84184,21,1,1,Yes,24,4,2,0
21,Female,Sales,Human Resources,21436,5,3,2,Yes,21,3,4,0
41,Male,Sales,Research Scientist,132502,16,1,4,No,23,6,1,0
55,Male,Human Resources,Healthcare Representative,78009,2,2,1,No,10,2,3,0
20,Female,Research & Development,Research Director,105778,9,3,4,No,21,2,1,0
54,Female,Research & Development,Healthcare Representative,137973,15,2,3,No,4,2,3,0
52,Male,Sales,Sales Representative,63959,17,3,3,No,19,4,4,0
29,Male,Sales,Sales Representative,98969,21,2,4,Yes,4,5,3,0
44,Male,Research & Development,Human Resources,17658,20,4,1,No,26,3,2,0
24,Male,Research & Development,Healthcare Representative,134481,12,2,4,Yes,23,1,4,0
49,Male,Human Resources,Human Resources,22986,7,4,2,No,34,6,1,0
47,Male,Research & Development,Healthcare Representative,88051,6,3,2,Yes,19,4,3,0
32,Female,Research & Development,Human Resources,62492,24,3,2,Yes,7,5,4,0
20,Male,Research & Development,Sales Representative,19831,15,1,3,Yes,10,3,2,0
58,Female,Human Resources,Research Scientist,77384,22,1,2,No,32,1,1,0
36,Female,Research & Development,Manager,141305,10,3,4,No,38,6,2,0
55,Female,Research & Development,Research Director,37527,12,2,1,Yes,3,4,2,0
46,Male,Human Resources,Research Scientist,54456,20,2,3,No,27,2,4,0
50,Female,Sales,Research Director,40559,18,4,3,Yes,19,5,4,0
49,Female,Human Resources,Sales Executive,31871,5,2,3,Yes,11,0,2,0
26,Male,Sales,Research Director,46078,13,2,3,No,20,6,4,0
33,Female,Research & Development,Research Director,92197,5,3,3,Yes,37,4,1,0
37,Male,Research & Development,Research Scientist,120369,19,4,4,No,8,4,1,0
38,Female,Research & Development,Sales Representative,108191,0,4,1,No,33,0,3,0
19,Male,Research & Development,Research Scientist,119123,20,3,2,Yes,4,1,3,0
40,Female,Research & Development,Manager,111606,23,1,3,No,29,5,4,0
24,Male,Sales,Human Resources,66696,0,1,2,No,3,3,3,1
49,Male,Sales,Research Scientist,136533,15,3,4,No,3,0,1,0
46,Male,Sales,Research Scientist,38269,1,3,3,No,2,4,3,0
56,Male,Research & Development,Manufacturing Director,109469,9,1,3,Yes,32,5,2,0
49,Male,Research & Development,Manufacturing Director,29972,8,3,1,Yes,23,1,2,0
33,Male,Sales,Sales Executive,118354,12,4,2,No,27,4,2,0
58,Male,Human Resources,Healthcare Representative,26762,22,1,3,No,7,6,4,0
35,Female,Research & Development,Laboratory Technician,44184,11,4,2,No,36,3,1,0
31,Female,Research & Development,Research Scientist,67822,9,2,4,No,32,1,3,0
56,Female,Research & Development,Laboratory Technician,108753,2,2,1,No,20,6,1,0
33,Female,Sales,Sales Executive,21148,22,3,1,Yes,36,6,3,1
21,Male,Research & Development,Human Resources,49742,7,1,2,No,6,3,1,0
37,Male,Research & Development,Human Resources,60040,11,1,2,No,12,2,4,0
51,Male,Sales,Manufacturing Director,113687,2,4,4,No,2,5,4,0
25,Male,Human Resources,Research Director,144806,7,2,4,Yes,7,0,4,0
37,Male,Research & Development,Healthcare Representative,97912,13,1,2,No,33,2,2,1
23,Female,Research & Development,Human Resources,83513,22,3,3,No,16,3,4,0
46,Female,Human Resources,Research Scientist,60397,8,1,2,No,26,4,1,0
37,Female,Human Resources,Laboratory Technician,126057,14,4,3,No,35,4,2,0
31,Male,Research & Development,Sales Representative,29478,21,1,3,No,30,2,1,0
27,Female,Research & Development,Research Scientist,32450,9,3,3,No,16,6,1,0
41,Male,Research & Development,Research Director,42159,7,2,4,No,14,4,2,0
46,Male,Sales,Manufacturing Director,51190,1,4,3,Yes,5,3,3,1
57,Male,Sales,Manufacturing Director,77315,22,3,2,No,33,6,4,0
36,Female,Sales,Healthcare Representative,142783,2,4,1,Yes,39,0,1,0
24,Male,Research & Development,Research Director,102803,5,1,3,No,20,4,2,0
52,Male,Research & Development,Sales Executive,66779,3,2,4,No,20,6,3,0
44,Male,Research & Development,Sales Representative,43555,17,4,3,No,34,4,1,0
47,Male,Research & Development,Research Director,102534,9,1,4,No,14,3,3,0
22,Male,Sales,Research Director,49173,17,4,2,No,16,2,3,0
31,Male,Research & Development,Human Resources,146777,15,4,1,No,35,1,3,0
50,Male,Research & Development,Research Director,79493,0,3,3,No,15,3,1,0
52,Male,Human Resources,Healthcare Representative,89356,7,1,1,No,37,6,1,1
36,Male,Human Resources,Healthcare Representative,136972,0,4,1,Yes,7,3,4,0
51,Male,Human Resources,Manufacturing Director,56221,1,4,3,No,20,0,4,0
53,Female,Human Resources,Research Director,78693,11,2,2,No,20,3,2,1
34,Male,Human Resources,Manufacturing Director,86813,6,3,3,Yes,12,0,3,0
55,Female,Research & Development,Manager,51595,2,1,3,No,38,6,3,0
30,Female,Sales,Sales Executive,22376,10,2,2,No,19,3,3,0
28,Male,Sales,Laboratory Technician,53305,11,1,3,No,35,1,3,0
46,Male,Research & Development,Laboratory Technician,30169,24,3,3,No,9,4,3,0
44,Male,Sales,Manufacturing Director,106216,16,3,3,No,14,3,1,0
23,Male,Sales,Healthcare Representative,15968,9,3,3,No,19,3,1,0
52,Male,Human Resources,Sales Representative,57726,11,3,2,No,22,4,4,0
26,Male,Sales,Manufacturing Director,134368,2,4,3,Yes,9,6,3,0
51,Male,Human Resources,Research Scientist,91763,9,1,3,No,13,5,1,0
18,Male,Research & Development,Healthcare Representative,105622,14,1,1,Yes,25,1,1,1
51,Female,Research & Development,Sales Executive,105249,0,1,1,Yes,11,1,1,1
51,Male,Research & Development,Research Director,55274,22,4,1,No,30,6,3,0
50,Female,Research & Development,Sales Representative,100363,12,1,1,Yes,19,4,3,0
45,Male,Research & Development,Laboratory Technician,44856,19,1,2,No,38,0,1,0
37,Female,Sales,Laboratory Technician,100792,6,1,4,No,10,3,1,0
47,Male,Human Resources,Sales Executive,107215,20,4,4,Yes,33,0,1,0
29,Female,Research & Development,Manufacturing Director,133279,9,3,4,No,20,0,2,0
50,Female,Sales,Sales Executive,139136,23,4,3,No,4,1,1,0
41,Male,Research & Development,Human Resources,18237,13,1,1,No,28,1,2,0
37,Female,Research & Development,Research Scientist,55383,15,2,2,No,9,0,1,0
39,Male,Research & Development,Manager,88860,5,3,4,No,6,5,4,0
41,Male,Research & Development,Manager,58410,24,1,4,Yes,21,3,4,0
19,Female,Sales,Laboratory Technician,98508,4,4,4,Yes,31,3,2,0
23,Female,Research & Development,Research Director,130322,0,4,2,No,11,6,4,0
28,Male,Sales,Sales Executive,49834,10,1,2,Yes,25,5,3,0
22,Female,Sales,Research Director,135605,20,4,3,No,1,5,1,0
36,Female,Sales,Sales Representative,134072,23,2,1,No,8,1,2,1
46,Female,Research & Development,Manager,138394,21,2,1,No,30,5,1,0
45,Male,Research & Development,Research Director,24927,13,4,1,No,1,6,3,0
37,Female,Research & Development,Manufacturing Director,54575,22,3,3,No,14,0,4,0
53,Male,Sales,Laboratory Technician,31754,12,1,1,Yes,20,6,3,1
41,Female,Sales,Research Scientist,31242,11,4,3,No,3,6,1,0
21,Female,Research & Development,Human Resources,22174,4,3,2,No,39,5,1,1
50,Female,Sales,Manufacturing Director,74399,19,1,4,No,20,2,2,0
42,Female,Research & Development,Research Director,26775,7,3,1,No,14,1,1,1
44,Female,Human Resources,Laboratory Technician,54928,4,3,2,No,39,5,1,0
41,Male,Research & Development,Human Resources,147484,9,2,1,Yes,22,4,2,0
41,Male,Human Resources,Research Director,134321,15,2,2,No,27,5,3,0
21,Female,Sales,Laboratory Technician,141506,6,4,3,No,4,1,1,0
41,Male,Sales,Healthcare Representative,19945,8,1,1,Yes,7,1,4,0
51,Female,Research & Development,Research Director,104222,8,3,3,No,2,6,2,0
30,Male,Research & Development,Laboratory Technician,100573,14,4,4,Yes,21,3,1,0
43,Female,Research & Development,Sales Executive,32923,17,4,1,Yes,33,5,1,1
19,Male,Sales,Laboratory Technician,137334,16,2,1,Yes,36,6,4,0
32,Male,Research & Development,Manager,69590,3,2,4,No,23,3,3,0
36,Male,Research & Development,Research Scientist,146850,8,4,3,Yes,3,1,4,0
59,Male,Research & Development,Manufacturing Director,30386,16,2,4,Yes,25,6,4,1
27,Male,Sales,Human Resources,102767,5,3,3,No,25,5,4,0
29,Male,Human Resources,Sales Executive,32649,1,3,3,No,24,4,4,0
35,Female,Sales,Sales Executive,143239,8,3,1,Yes,29,6,4,0
59,Female,Research & Development,Manufacturing Director,97025,16,3,3,Yes,22,1,4,0
53,Female,Research & Development,Sales Executive,25214,16,2,2,No,28,2,4,1
19,Female,Research & Development,Sales Executive,44001,3,2,4,No,19,0,2,0
27,Female,Research & Development,Research Scientist,63502,16,2,1,No,6,2,3,0
52,Female,Human Resources,Sales Executive,16736,4,3,1,Yes,4,3,4,0
20,Male,Sales,Research Director,16176,18,4,3,No,36,3,4,0
53,Female,Sales,Research Scientist,139939,14,3,4,No,18,1,1,0
29,Male,Research & Development,Healthcare Representative,147459,3,3,4,Yes,13,5,1,0
56,Male,Research & Development,Sales Representative,87388,8,2,3,Yes,12,3,1,0
30,Female,Sales,Manager,136868,20,4,2,No,3,3,3,0
36,Male,Sales,Manager,103455,10,2,2,No,37,6,2,0
45,Female,Research & Development,Manufacturing Director,18787,17,2,4,Yes,4,3,3,0
23,Female,Sales,Research Director,111456,18,1,1,No,9,6,1,0
41,Female,Sales,Sales Executive,17447,0,2,1,No,18,1,1,1
39,Female,Human Resources,Sales Executive,125228,23,3,3,No,14,5,4,0
50,Female,Research & Development,Research Director,64540,8,1,2,Yes,2,6,2,1
59,Male,Human Resources,Sales Executive,34069,19,1,2,No,13,5,1,0
45,Female,Human Resources,Research Scientist,49902,11,4,4,No,31,6,1,0
35,Male,Sales,Research Scientist,107252,14,4,2,No,10,5,2,0
35,Male,Research & Development,Sales Executive,129335,9,2,4,No,34,4,2,0
35,Male,Research & Development,Research Scientist,92047,21,2,1,No,15,5,4,0
52,Male,Research & Development,Manager,36665,2,3,2,No,1,6,1,0
31,Female,Sales,Manager,136520,22,4,1,No,5,4,3,0
25,Male,Sales,Sales Executive,121737,5,2,3,No,32,4,2,0
32,Female,Sales,Human Resources,70332,22,1,4,No,16,0,2,0
18,Female,Research & Development,Sales Executive,89852,0,2,4,No,39,6,2,0
22,Female,Human Resources,Sales Representative,145130,0,2,1,No,31,5,2,0
21,Female,Research & Development,Research Director,65947,2,3,4,No,2,1,3,0
50,Male,Research & Development,Healthcare Representative,18479,13,1,1,Yes,13,2,3,1
48,Male,Human Resources,Healthcare Representative,34672,6,3,3,Yes,29,1,1,0
47,Female,Research & Development,Sales Executive,96042,14,1,3,No,3,2,1,0
37,Female,Sales,Laboratory Technician,149688,20,4,1,No,39,6,1,0
48,Female,Human Resources,Research Director,114886,0,3,1,No,7,3,4,0
24,Male,Research & Development,Manufacturing Director,98428,13,1,1,No,32,2,2,1
55,Male,Sales,Sales Executive,58605,18,4,3,No,33,5,3,0
39,Male,Research & Development,Sales Representative,74316,10,3,3,Yes,20,2,2,0
57,Male,Human Resources,Sales Representative,20180,23,3,1,Yes,32,6,2,1
24,Male,Sales,Sales Executive,65102,16,1,3,Yes,35,5,1,1
38,Female,Research & Development,Sales Executive,99168,0,1,4,Yes,29,1,2,1
47,Male,Sales,Research Scientist,137273,13,4,1,No,28,4,4,0
38,Female,Sales,Sales Executive,139527,9,2,3,No,16,3,4,0
36,Female,Sales,Manager,125860,3,3,2,Yes,12,2,2,0
24,Female,Research & Development,Research Scientist,17902,23,4,2,No,34,6,3,0
34,Male,Human Resources,Manager,124510,5,2,2,No,9,2,2,0
28,Male,Sales,Research Scientist,44513,2,2,2,No,17,0,4,0
30,Female,Sales,Human Resources,98186,5,4,2,No,20,2,3,0
46,Male,Sales,Sales Representative,142762,20,1,1,Yes,16,3,4,0
44,Female,Sales,Manufacturing Director,134874,14,2,2,No,15,0,4,0
43,Female,Research & Development,Manufacturing Director,104695,20,4,3,Yes,24,5,2,0
33,Male,Research & Development,Sales Executive,55402,11,1,2,Yes,13,1,2,0
58,Female,Research & Development,Sales Executive,85319,2,2,3,Yes,39,0,3,0
21,Male,Research & Development,Healthcare Representative,110000,9,2,1,No,7,3,1,0
32,Male,Research & Development,Sales Executive,84418,4,1,1,Yes,16,1,4,1
22,Female,Sales,Manager,69600,13,1,4,No,33,5,3,0
32,Female,Sales,Manufacturing Director,69383,6,2,2,Yes,19,0,1,1
58,Male,Human Resources,Research Scientist,95999,24,4,3,Yes,28,2,2,0
33,Female,Research & Development,Healthcare Representative,19830,9,1,3,No,26,0,4,0
56,Female,Human Resources,Healthcare Representative,149750,7,3,1,No,13,2,2,0
38,Female,Human Resources,Sales Representative,28778,24,2,4,Yes,30,6,3,0
47,Male,Research & Development,Research Scientist,147910,13,4,2,No,10,4,4,0
37,Male,Human Resources,Healthcare Representative,19775,4,2,4,Yes,30,3,2,1
29,Female,Research & Development,Research Director,84203,12,4,2,No,5,1,4,0
50,Female,Sales,Laboratory Technician,71373,6,2,2,Yes,28,2,2,0
58,Female,Sales,Research Director,92471,17,4,3,No,5,2,3,0
29,Male,Sales,Sales Representative,73531,14,4,1,No,34,4,4,0
50,Male,Sales,Manufacturing Director,136138,18,2,3,Yes,25,1,1,0
28,Female,Research & Development,Research Director,17249,23,3,4,Yes,2,6,3,1
48,Male,Research & Development,Human Resources,148060,18,1,3,No,5,4,3,0
51,Male,Research & Development,Laboratory Technician,108073,8,2,1,No,8,2,3,0
36,Female,Research & Development,Human Resources,120112,5,2,3,No,38,0,4,0
48,Female,Sales,Sales Executive,33873,13,4,1,No,23,4,2,0
29,Male,Research & Development,Research Scientist,23799,11,4,1,Yes,11,3,4,0
21,Male,Research & Development,Sales Executive,68598,7,4,2,No,11,4,3,0
22,Male,Sales,Manufacturing Director,58556,20,4,2,Yes,2,4,1,0
36,Female,Sales,Human Resources,120699,22,4,1,No,8,4,3,1
55,Male,Research & Development,Manager,136035,9,4,1,Yes,34,5,1,0
23,Female,Sales,Manager,72707,17,3,4,No,24,3,4,0
37,Male,Research & Development,Sales Executive,118727,24,1,2,Yes,15,5,1,1
47,Female,Research & Development,Healthcare Representative,23040,0,4,1,No,1,2,2,0
26,Female,Research & Development,Manufacturing Director,115201,9,1,2,No,14,6,4,0
48,Female,Sales,Healthcare Representative,28410,18,1,3,No,15,2,1,0
30,Female,Research & Development,Laboratory Technician,105169,12,4,3,No,5,4,2,0
51,Female,Research & Development,Research Scientist,66590,19,1,2,No,24,6,3,0
42,Male,Sales,Human Resources,71060,11,1,1,No,26,2,2,0
40,Female,Research & Development,Manager,52307,1,3,4,Yes,39,0,3,1
25,Female,Research & Development,Manufacturing Director,69437,10,3,3,No,14,1,2,0
37,Female,Research & Development,Sales Executive,133046,10,1,4,No,11,1,2,0
53,Male,Sales,Sales Representative,124205,21,2,2,No,33,0,2,0
18,Female,Research & Development,Healthcare Representative,60942,3,1,1,No,14,3,3,0
49,Male,Sales,Manufacturing Director,54660,3,2,2,No,25,1,4,0
38,Female,Sales,Sales Representative,83730,3,1,2,No,29,0,1,0
48,Female,Sales,Research Scientist,107452,14,3,3,No,35,0,2,0
45,Male,Human Resources,Healthcare Representative,39616,24,2,3,No,13,1,1,0
36,Female,Sales,Research Director,113038,15,4,1,No,25,2,1,0
30,Female,Research & Development,Healthcare Representative,143073,20,1,3,No,6,6,4,0
44,Male,Research & Development,Sales Executive,129015,21,4,2,No,31,4,3,0
23,Male,Human Resources,Laboratory Technician,89017,15,4,3,No,2,5,4,0
42,Male,Research & Development,Sales Executive,58184,15,2,2,No,28,4,3,0
21,Female,Human Resources,Healthcare Representative,58671,6,3,3,No,9,5,3,0
45,Female,Sales,Manufacturing Director,115155,24,2,3,No,19,2,3,0
44,Female,Sales,Research Scientist,76404,19,3,2,No,3,0,3,0
21,Female,Research & Development,Sales Representative,29376,21,4,1,No,27,3,4,0
49,Female,Research & Development,Research Scientist,106482,24,3,3,No,19,0,2,0
35,Male,Research & Development,Manufacturing Director,33638,8,3,4,No,26,1,1,0
51,Male,Human Resources,Human Resources,148231,3,4,2,Yes,14,5,2,1
19,Male,Research & Development,Sales Executive,71340,21,2,4,No,1,3,1,0
25,Male,Human Resources,Laboratory Technician,61169,11,1,1,No,23,4,1,0
38,Female,Research & Development,Laboratory Technician,22455,23,3,4,No,28,3,1,1
25,Male,Sales,Healthcare Representative,37642,17,3,4,No,26,3,1,0
31,Male,Research & Development,Laboratory Technician,142939,6,1,2,Yes,11,2,3,0
45,Male,Sales,Human Resources,87510,8,3,1,Yes,28,1,3,0
24,Male,Research & Development,Sales Executive,136755,15,1,3,No,22,1,4,0
46,Male,Sales,Human Resources,144048,9,2,4,No,9,5,2,0
22,Male,Research & Development,Healthcare Representative,21606,7,4,1,No,5,6,2,0
25,Female,Research & Development,Sales Executive,66405,5,3,3,Yes,13,0,2,0
42,Male,Sales,Research Scientist,128172,16,3,4,No,1,3,4,0
51,Male,Sales,Sales Executive,81915,0,3,1,No,28,3,4,0
25,Male,Research & Development,Laboratory Technician,83698,2,1,3,No,1,3,3,0
30,Female,Sales,Laboratory Technician,91962,1,4,1,Yes,2,1,3,1
56,Female,Research & Development,Manager,109764,18,2,1,No,7,0,4,0
59,Female,Research & Development,Laboratory Technician,141731,0,4,2,No,13,1,1,0
42,Female,Sales,Sales Representative,134735,10,4,2,No,1,1,2,0
36,Female,Sales,Laboratory Technician,99387,3,1,1,No,25,0,1,1
32,Female,Research & Development,Laboratory Technician,92891,14,3,4,No,6,2,1,0
43,Male,Human Resources,Laboratory Technician,63734,0,1,1,No,32,4,2,1
42,Female,Sales,Laboratory Technician,30704,0,3,4,No,22,6,4,0
30,Male,Human Resources,Research Director,110716,10,2,1,No,4,4,2,0
18,Male,Research & Development,Laboratory Technician,15348,17,1,3,No,16,1,4,1
24,Female,Research & Development,Laboratory Technician,109253,2,3,3,No,6,2,3,0
58,Male,Research & Development,Human Resources,82084,12,4,2,No,39,2,3,0
35,Male,Research & Development,Manager,121174,20,1,2,No,24,1,1,0
38,Female,Research & Development,Research Scientist,143146,15,4,4,No,32,6,4,0
37,Male,Research & Development,Research Director,89653,18,4,1,No,15,4,1,0
50,Male,Research & Development,Research Scientist,92303,7,3,4,No,6,3,2,0
20,Female,Research & Development,Research Scientist,80795,23,4,3,Yes,10,3,4,0
21,Female,Sales,Healthcare Representative,65346,3,2,4,No,17,2,3,0
29,Male,Research & Development,Sales Representative,26998,15,3,2,No,31,2,2,0
38,Female,Sales,Research Scientist,19174,10,3,2,No,17,4,2,0
46,Female,Sales,Sales Representative,112606,0,3,3,No,37,6,2,1
38,Male,Sales,Research Scientist,138522,23,4,3,Yes,15,3,2,1
36,Male,Sales,Research Director,22270,17,4,4,No,10,1,1,0
57,Male,Research & Development,Sales Executive,59166,5,4,4,No,20,6,1,0
24,Male,Research & Development,Healthcare Representative,97107,1,3,1,No,5,2,1,0
42,Male,Research & Development,Manager,110144,16,4,1,Yes,27,0,1,1
40,Male,Sales,Laboratory Technician,114263,13,3,4,Yes,4,3,2,0
37,Male,Research & Development,Manager,108722,1,3,2,No,25,5,1,0
51,Male,Research & Development,Sales Representative,26321,24,1,3,No,15,1,3,0
29,Male,Research & Development,Manager,49274,17,2,1,No,14,1,3,0
58,Male,Research & Development,Manufacturing Director,78347,11,4,1,Yes,24,2,1,1
31,Male,Research & Development,Sales Representative,23609,5,2,2,No,28,5,4,0
40,Male,Research & Development,Sales Representative,61329,6,3,3,Yes,37,6,3,1
39,Female,Human Resources,Laboratory Technician,66975,11,4,4,No,12,5,2,0
53,Male,Research & Development,Sales Representative,147043,1,2,4,Yes,32,1,1,1
36,Female,Research & Development,Human Resources,57812,9,2,1,No,33,5,2,0
29,Female,Research & Development,Research Director,146135,5,1,1,Yes,39,2,4,0
18,Female,Sales,Sales Representative,109534,2,1,3,No,38,6,1,0
33,Female,Human Resources,Sales Representative,108456,3,3,3,No,31,6,1,0
52,Male,Research & Development,Research Director,125670,8,3,1,No,12,5,2,0
18,Female,Sales,Laboratory Technician,128712,9,2,2,Yes,28,6,4,0
55,Male,Human Resources,Sales Representative,45030,8,2,4,No,31,0,2,0
40,Male,Research & Development,Research Scientist,71823,17,1,1,No,12,4,3,0
23,Male,Sales,Manufacturing Director,86311,13,4,4,Yes,32,0,3,0
30,Male,Sales,Human Resources,146862,4,3,2,Yes,28,4,1,1
41,Male,Sales,Laboratory Technician,20482,24,1,3,No,20,2,4,0
31,Male,Research & Development,Research Director,79366,18,3,3,No,34,6,1,1
22,Female,Sales,Manufacturing Director,43924,11,2,3,No,4,3,3,0
45,Female,Human Resources,Research Scientist,42918,1,4,3,Yes,27,5,3,0
46,Male,Human Resources,Sales Executive,117837,22,2,1,No,31,2,3,0
22,Female,Research & Development,Healthcare Representative,42255,18,4,2,No,2,0,4,0
29,Male,Research & Development,Healthcare Representative,122108,11,3,4,No,16,5,3,0
28,Male,Sales,Healthcare Representative,149179,4,1,1,No,21,1,3,1
45,Female,Sales,Sales Executive,119814,2,4,3,No,9,5,1,0
48,Female,Research & Development,Laboratory Technician,37939,7,3,3,No,35,3,2,0
48,Male,Sales,Sales Executive,34222,5,2,1,No,25,6,2,0
57,Male,Sales,Laboratory Technician,74011,5,1,1,Yes,11,2,2,1
50,Male,Research & Development,Human Resources,89389,10,2,4,No,18,2,1,0
31,Male,Sales,Research Scientist,120076,1,3,1,No,5,5,1,0
22,Male,Research & Development,Sales Representative,72065,8,1,1,No,4,5,2,0
43,Female,Research & Development,Sales Executive,37553,21,2,1,No,30,0,3,0
56,Female,Research & Development,Manager,148850,21,3,3,No,39,5,4,0
58,Male,Research & Development,Human Resources,137115,0,3,4,Yes,11,3,4,0
27,Female,Research & Development,Manufacturing Director,103299,16,4,1,No,10,6,2,0
27,Male,Research & Development,Research Scientist,108887,24,1,4,No,27,4,4,0
19,Male,Research & Development,Manager,141252,14,4,3,No,20,5,2,0
23,Male,Research & Development,Laboratory Technician,79106,9,2,1,No,6,2,2,0
41,Female,Sales,Human Resources,34622,12,1,1,Yes,27,1,1,1
40,Female,Human Resources,Research Director,96804,5,4,2,Yes,9,5,3,0
33,Female,Sales,Manager,75867,9,3,1,Yes,5,0,2,0
31,Male,Sales,Manager,122966,23,3,1,No,19,4,2,0
52,Female,Sales,Manager,119167,15,2,2,No,29,6,4,1
37,Male,Research & Development,Sales Representative,78644,10,4,4,No,21,6,3,0
51,Male,Research & Development,Healthcare Representative,64660,3,1,4,No,26,5,2,0
58,Female,Research & Development,Human Resources,71977,22,1,3,No,10,3,3,0
31,Male,Human Resources,Manufacturing Director,100388,4,1,2,No,20,5,3,0
26,Female,Sales,Sales Executive,100998,18,3,2,No,28,0,3,0
58,Female,Research & Development,Sales Representative,84079,7,1,3,No,21,5,1,0
44,Female,Research & Development,Manager,86803,6,4,1,Yes,10,1,1,1
30,Male,Research & Development,Human Resources,148910,4,1,3,No,38,5,1,0
44,Male,Sales,Manufacturing Director,49254,9,3,4,No,3,2,4,0
39,Female,Sales,Manufacturing Director,38472,16,4,4,No,36,5,2,0
56,Female,Research & Development,Manager,122887,10,4,1,No,29,4,2,0
28,Female,Research & Development,Manufacturing Director,141272,0,2,2,Yes,5,6,4,1
59,Female,Research & Development,Research Director,97172,6,1,2,No,10,5,4,0
57,Male,Research & Development,Manufacturing Director,69212,4,4,3,Yes,15,6,1,0
25,Male,Research & Development,Research Director,62048,10,2,1,No,38,1,4,1
24,Female,Research & Development,Manufacturing Director,78179,22,4,4,Yes,21,2,3,0
40,Male,Sales,Laboratory Technician,22081,24,1,4,No,11,3,3,0
19,Female,Sales,Human Resources,86361,24,3,2,No,36,0,1,0
30,Male,Sales,Healthcare Representative,51395,2,1,2,Yes,5,0,3,0
36,Female,Research & Development,Sales Representative,50824,12,2,2,No,32,0,3,0
58,Female,Research & Development,Manager,90647,1,1,1,Yes,33,5,2,1
59,Male,Research & Development,Manufacturing Director,145093,12,4,4,No,16,3,3,0
24,Male,Research & Development,Human Resources,42791,14,3,4,No,2,5,1,0
55,Female,Research & Development,Manufacturing Director,138050,19,1,2,No,35,5,3,0
21,Male,Research & Development,Human Resources,85119,8,2,3,No,38,0,1,0
49,Female,Research & Development,Manufacturing Director,146342,0,2,2,No,15,5,2,0
53,Female,Research & Development,Sales Executive,66598,11,3,1,No,8,1,2,0
55,Female,Research & Development,Sales Executive,149584,10,2,2,No,11,2,1,1
27,Male,Research & Development,Human Resources,104094,15,2,1,No,6,6,4,0
55,Female,Research & Development,Healthcare Representative,105423,2,4,4,No,24,2,4,0
22,Male,Research & Development,Manufacturing Director,91034,15,3,3,Yes,21,6,2,0
39,Female,Research & Development,Research Director,75977,10,4,4,Yes,14,3,3,0
37,Female,Research & Development,Manager,85890,18,4,1,No,26,0,2,0
31,Male,Research & Development,Manager,129849,24,4,3,No,25,5,1,0
18,Male,Sales,Sales Representative,121967,5,4,3,Yes,1,0,4,1
50,Male,Research & Development,Research Scientist,18213,18,3,3,No,16,4,2,0
32,Female,Human Resources,Sales Executive,108773,3,3,4,No,34,3,4,0
45,Male,Sales,Sales Representative,127644,24,3,2,No,32,0,1,0
35,Male,Human Resources,Sales Executive,115458,12,1,1,No,34,3,1,0
33,Female,Sales,Sales Representative,82133,18,4,1,No,38,2,2,0
55,Female,Research & Development,Research Scientist,60294,19,3,2,No,3,0,4,0
21,Female,Research & Development,Laboratory Technician,105884,15,4,1,Yes,11,3,2,1
48,Female,Sales,Sales Representative,104596,9,3,1,Yes,18,0,4,1
49,Female,Human Resources,Manager,65496,18,2,1,Yes,20,3,1,1
33,Female,Research & Development,Research Director,69857,11,2,2,No,31,1,4,0
29,Male,Human Resources,Manager,64764,16,4,1,No,29,5,2,0
18,Female,Sales,Sales Executive,21074,15,3,2,No,28,6,2,0
57,Female,Human Resources,Research Director,19281,11,4,3,Yes,7,6,3,0
57,Female,Human Resources,Research Scientist,26215,2,3,2,No,27,6,4,0
28,Female,Research & Development,Research Scientist,72211,7,3,1,No,32,0,4,0
19,Female,Sales,Research Director,83906,23,1,3,No,30,3,1,0
23,Male,Research & Development,Research Scientist,70127,13,1,1,No,23,1,3,0
20,Female,Research & Development,Healthcare Representative,143948,15,3,3,No,4,0,2,0
52,Female,Human Resources,Healthcare Representative,45346,6,1,2,No,6,2,3,0
55,Male,Research & Development,Sales Representative,68050,17,1,2,No,29,3,2,0
24,Female,Sales,Sales Executive,48388,12,4,1,Yes,34,2,4,1
49,Male,Sales,Sales Executive,55466,5,3,2,No,33,0,2,1
25,Female,Research & Development,Manufacturing Director,93858,3,1,1,No,17,2,2,1
33,Female,Human Resources,Healthcare Representative,56837,9,2,3,No,23,1,2,0
43,Male,Sales,Research Director,57899,14,2,1,No,7,0,3,0
48,Male,Research & Development,Manager,105561,7,1,3,Yes,24,3,4,1
54,Female,Human Resources,Research Scientist,127084,6,3,2,No,8,0,1,0
19,Male,Sales,Human Resources,43696,6,2,3,No,32,6,3,0
26,Female,Sales,Healthcare Representative,30036,7,4,3,No,31,5,1,0
29,Male,Research & Development,Human Resources,47329,18,1,3,No,2,6,3,0
31,Female,Research & Development,Human Resources,92982,12,4,4,No,37,0,3,0
59,Female,Sales,Sales Executive,144557,11,1,3,No,32,3,4,0
50,Female,Research & Development,Healthcare Representative,36606,4,4,4,No,15,5,1,0
31,Male,Research & Development,Manufacturing Director,20773,13,4,2,No,18,4,4,0
58,Female,Human Resources,Healthcare Representative,86312,24,2,4,No,4,2,3,0
38,Male,Human Resources,Laboratory Technician,148775,18,2,2,Yes,37,5,3,0
39,Male,Research & Development,Manager,89593,11,1,3,No,4,2,3,0
36,Male,Research & Development,Healthcare Representative,139803,7,2,2,No,36,6,3,0
24,Female,Sales,Research Scientist,101710,8,3,4,No,26,0,1,0
57,Female,Research & Development,Laboratory Technician,19266,0,3,2,No,36,4,4,0
18,Male,Sales,Research Scientist,72702,0,1,3,No,15,0,2,0
25,Male,Research & Development,Research Director,118956,19,1,1,No,35,6,1,0
27,Female,Sales,Sales Representative,83779,21,3,3,Yes,17,2,3,1
29,Male,Research & Development,Manufacturing Director,41297,24,3,1,No,14,0,4,0
23,Male,Sales,Manufacturing Director,39428,15,4,2,Yes,14,5,3,0
18,Female,Sales,Sales Executive,104577,23,4,1,No,38,6,1,0
46,Male,Sales,Laboratory Technician,77507,10,3,2,No,19,6,4,0
58,Female,Research & Development,Human Resources,92507,6,3,2,Yes,19,3,4,0
23,Female,Research & Development,Sales Executive,65359,6,3,2,No,26,0,2,0
30,Male,Sales,Research Scientist,60770,5,2,2,No,22,1,3,0
39,Male,Human Resources,Research Director,104927,18,3,1,No,22,0,4,0
56,Female,Human Resources,Healthcare Representative,16047,0,1,3,No,15,0,1,1
47,Female,Research & Development,Sales Executive,73700,23,4,4,No,7,1,2,0
50,Female,Research & Development,Healthcare Representative,65043,19,4,2,No,39,3,2,0
42,Male,Research & Development,Sales Representative,120211,9,2,1,No,20,5,1,0
35,Female,Sales,Manufacturing Director,113336,17,2,1,No,38,4,1,0
26,Female,Research & Development,Manufacturing Director,72508,3,2,3,No,18,1,3,0
54,Male,Sales,Manager,50466,10,4,4,No,24,4,2,0
51,Female,Human Resources,Manager,46829,2,1,4,No,22,1,1,0
19,Female,Human Resources,Human Resources,43519,2,2,2,No,38,3,2,1
48,Male,Research & Development,Laboratory Technician,51947,0,3,2,No,5,6,1,0
21,Male,Research & Development,Laboratory Technician,117677,19,3,1,No,21,0,3,0
49,Female,Research & Development,Research Scientist,21113,18,2,1,No,6,6,2,0
52,Male,Human Resources,Manager,18527,22,1,4,No,34,1,3,0
23,Male,Sales,Healthcare Representative,87889,24,3,2,No,21,4,4,0
36,Male,Sales,Manufacturing Director,45166,24,3,2,No,36,1,2,0
23,Female,Research & Development,Sales Representative,127168,24,4,2,No,11,1,4,0
41,Male,Research & Development,Manufacturing Director,116547,0,1,2,No,7,3,1,0
56,Female,Research & Development,Research Scientist,118830,19,1,4,No,25,2,4,0
21,Female,Sales,Healthcare Representative,76698,18,2,4,No,6,3,2,0
34,Female,Research & Development,Manufacturing Director,74101,4,3,3,No,15,1,2,0
58,Female,Sales,Manufacturing Director,72454,3,1,2,No,13,6,4,0
30,Male,Sales,Healthcare Representative,41476,24,1,3,No,9,4,2,0
23,Male,Sales,Human Resources,91589,22,2,2,No,6,5,3,1
38,Male,Research & Development,Research Scientist,131570,8,2,3,Yes,26,5,4,1
39,Female,Human Resources,Laboratory Technician,49645,1,3,1,Yes,30,5,2,1
45,Female,Research & Development,Manager,22665,8,1,3,No,16,0,2,1
31,Male,Research & Development,Sales Executive,91235,0,4,1,No,11,4,2,0
58,Female,Research & Development,Research Scientist,68895,17,1,3,Yes,7,6,2,0
39,Female,Research & Development,Manager,122656,9,2,3,No,27,0,2,0
30,Male,Research & Development,Healthcare Representative,130643,1,4,1,No,32,3,1,0
58,Male,Research & Development,Manager,143336,24,3,3,No,22,1,4,0
56,Male,Research & Development,Research Scientist,68078,20,4,1,No,17,5,3,0
38,Male,Sales,Research Director,136735,22,1,2,No,26,6,4,0
19,Male,Sales,Healthcare Representative,30913,24,3,1,No,36,0,3,1
43,Female,Human Resources,Research Scientist,65319,0,1,3,No,39,5,2,1
41,Female,Research & Development,Laboratory Technician,50903,19,3,3,No,8,2,2,0
24,Female,Human Resources,Laboratory Technician,139618,19,2,2,Yes,19,6,4,1
44,Male,Human Resources,Healthcare Representative,96003,19,4,4,No,35,0,1,0
53,Female,Sales,Healthcare Representative,64390,6,1,3,No,25,1,2,0
22,Male,Research & Development,Manufacturing Director,35524,9,4,3,Yes,32,5,3,1
48,Male,Research & Development,Healthcare Representative,120703,23,2,1,No,39,5,3,0
23,Female,Research & Development,Human Resources,103416,1,3,3,Yes,5,0,3,0
49,Female,Sales,Human Resources,130149,16,3,3,No,24,1,1,0
35,Male,Sales,Healthcare Representative,74151,19,1,4,No,21,2,1,0
18,Male,Research & Development,Human Resources,35237,19,2,3,No,12,0,3,0
58,Female,Research & Development,Research Director,60142,14,3,1,No,26,5,2,0
24,Female,Research & Development,Research Director,98710,19,4,3,No,5,4,2,0
43,Male,Research & Development,Laboratory Technician,47524,22,4,1,No,20,5,4,0
25,Female,Research & Development,Manufacturing Director,24545,19,3,2,Yes,17,3,3,0
57,Female,Human Resources,Manufacturing Director,126149,2,2,4,No,16,4,3,0
49,Male,Research & Development,Sales Executive,86621,6,2,4,No,24,4,1,0
51,Female,Research & Development,Sales Executive,68550,7,2,4,Yes,37,4,3,0
36,Female,Research & Development,Manager,89634,8,2,2,Yes,37,3,4,0
37,Female,Research & Development,Manufacturing Director,114694,9,2,3,No,28,4,3,0
44,Male,Research & Development,Research Director,15181,5,4,3,Yes,13,4,4,0
50,Male,Research & Development,Sales Representative,74447,17,2,1,No,38,4,4,0
53,Female,Research & Development,Sales Executive,49322,2,1,4,Yes,39,6,4,0
18,Female,Human Resources,Research Director,27402,19,3,4,No,34,2,2,0
45,Male,Human Resources,Healthcare Representative,19856,16,3,1,No,35,6,2,0
22,Female,Research & Development,Manager,74468,24,2,4,No,32,0,2,0
30,Female,Research & Development,Human Resources,88434,0,3,2,No,30,3,4,0
52,Male,Research & Development,Manager,83537,7,4,3,Yes,29,3,2,0
28,Female,Research & Development,Sales Executive,120699,22,4,3,No,25,6,4,0
51,Male,Research & Development,Research Scientist,76808,12,4,1,No,26,0,4,0
37,Male,Research & Development,Manufacturing Director,94635,14,3,1,No,16,1,3,0
27,Male,Research & Development,Sales Executive,125192,0,1,3,No,35,3,1,1
32,Male,Research & Development,Research Scientist,103734,19,3,4,Yes,25,5,3,0
40,Female,Research & Development,Research Director,137964,6,4,4,No,24,3,1,0
50,Male,Sales,Research Scientist,44915,24,4,2,No,29,4,3,0
43,Female,Research & Development,Research Scientist,121215,9,4,4,Yes,3,1,1,0
57,Male,Research & Development,Healthcare Representative,109060,4,4,2,No,36,6,1,0
54,Female,Sales,Sales Executive,93675,14,3,3,Yes,23,5,3,0
49,Male,Human Resources,Laboratory Technician,15505,11,1,2,No,37,0,2,1
43,Female,Research & Development,Human Resources,88095,11,2,3,No,5,4,3,0
30,Female,Sales,Manager,130892,23,2,3,No,10,0,2,1
35,Female,Research & Development,Human Resources,102023,9,4,3,Yes,38,3,2,0
22,Male,Research & Development,Manufacturing Director,15688,9,4,2,Yes,28,4,1,0
33,Male,Research & Development,Manager,53857,15,2,3,No,26,6,2,0
56,Male,Research & Development,Laboratory Technician,91861,4,2,3,Yes,16,0,4,1
35,Male,Human Resources,Manufacturing Director,124599,20,1,2,No,22,2,4,0
22,Male,Research & Development,Research Scientist,75064,5,1,3,No,22,4,2,0
45,Female,Research & Development,Research Director,130674,6,2,1,No,8,1,1,0
58,Male,Sales,Research Scientist,122440,0,1,4,No,23,4,4,0
54,Male,Research & Development,Research Scientist,51074,8,2,1,Yes,21,1,3,1
29,Male,Research & Development,Healthcare Representative,41318,14,4,4,Yes,13,1,1,0
37,Female,Research & Development,Manufacturing Director,136880,17,3,4,No,14,3,1,0
40,Female,Research & Development,Laboratory Technician,94542,22,3,4,No,30,4,1,0
28,Female,Research & Development,Manufacturing Director,129578,19,1,1,No,27,1,4,0
29,Male,Research & Development,Laboratory Technician,139488,8,4,1,No,19,6,4,0
27,Male,Sales,Human Resources,72305,20,3,1,No,24,6,2,0
59,Female,Human Resources,Manager,21174,4,3,2,No,10,0,1,0
49,Female,Research & Development,Human Resources,137715,5,2,4,No,20,2,3,0
53,Male,Human Resources,Human Resources,93782,8,3,4,No,22,3,2,0
52,Male,Human Resources,Manager,31259,13,4,3,No,10,3,1,0
58,Male,Human Resources,Research Director,86522,5,3,4,No,7,1,2,0
22,Female,Research & Development,Sales Executive,18778,22,2,1,No,21,3,2,0
55,Male,Research & Development,Human Resources,54122,6,3,4,No,37,6,1,0
20,Female,Sales,Healthcare Representative,61962,9,4,2,Yes,19,2,3,0
37,Female,Research & Development,Sales Representative,76337,15,2,3,No,36,1,2,0
42,Female,Research & Development,Laboratory Technician,91333,10,4,4,No,34,5,3,0
33,Female,Research & Development,Sales Executive,128318,10,3,3,No,30,3,3,0
24,Male,Human Resources,Research Director,62444,24,1,2,Yes,35,4,4,1
26,Female,Sales,Healthcare Representative,114269,10,4,3,No,17,4,4,0
52,Male,Research & Development,Research Scientist,142179,2,3,2,No,30,5,3,0
31,Male,Research & Development,Manager,116049,18,2,3,No,6,5,4,0
31,Male,Research & Development,Sales Executive,49385,17,1,2,No,13,4,3,1
56,Male,Sales,Healthcare Representative,106493,5,4,2,No,23,3,1,0
24,Male,Sales,Sales Representative,52963,21,4,1,No,2,3,4,0
56,Male,Research & Development,Sales Representative,79518,9,1,2,No,30,1,4,0
56,Male,Research & Development,Healthcare Representative,100701,3,3,3,No,37,3,2,0
43,Male,Sales,Manufacturing Director,54585,4,1,4,No,5,4,2,0
24,Male,Sales,Research Director,15521,17,2,1,No,39,5,4,0
24,Male,Research & Development,Research Scientist,128017,5,3,1,Yes,4,5,2,0
29,Female,Sales,Sales Executive,113220,11,1,3,No,5,2,2,0
42,Male,Research & Development,Research Scientist,31623,18,3,3,No,30,5,3,0
24,Male,Research & Development,Research Director,65958,21,2,1,No,27,3,2,0
37,Male,Sales,Healthcare Representative,50328,12,3,2,No,37,2,2,0
22,Male,Research & Development,Sales Executive,146995,22,4,1,No,17,1,4,0
40,Female,Sales,Research Scientist,142144,7,1,1,No,23,1,1,0
18,Female,Research & Development,Sales Executive,108341,21,4,1,No,6,4,1,0
47,Female,Human Resources,Research Director,74504,6,1,3,No,27,1,2,0
20,Female,Research & Development,Healthcare Representative,22049,1,1,4,No,39,0,1,1
26,Male,Human Resources,Sales Executive,48334,18,2,2,No,24,1,2,0
25,Female,Sales,Research Scientist,27504,18,2,1,No,37,6,1,0
52,Male,Research & Development,Manager,121581,23,1,4,No,16,1,3,0
20,Female,Research & Development,Manager,26902,23,2,2,Yes,39,1,3,1
36,Male,Research & Development,Research Director,106463,2,4,1,No,21,2,2,0
42,Female,Human Resources,Sales Executive,143604,15,3,1,No,6,2,3,0
39,Male,Sales,Sales Executive,56571,17,3,2,No,15,6,1,0
46,Female,Human Resources,Sales Executive,107346,15,1,3,Yes,20,1,1,1
51,Male,Human Resources,Manufacturing Director,133680,0,1,2,No,3,2,2,0
34,Female,Research & Development,Sales Representative,72726,1,2,2,No,35,2,1,1
52,Female,Research & Development,Manager,75593,16,4,2,No,10,1,4,0
31,Female,Research & Development,Research Scientist,42065,21,4,4,No,27,2,2,0
59,Male,Sales,Manager,72713,4,1,3,No,36,1,2,1
39,Male,Research & Development,Manager,132941,1,2,3,Yes,17,5,2,0
48,Female,Research & Development,Research Scientist,104552,10,2,2,No,24,5,2,0
54,Male,Human Resources,Sales Representative,42210,7,3,3,No,21,1,1,0
51,Male,Research & Development,Manufacturing Director,86082,24,1,4,Yes,30,3,4,0
53,Male,Research & Development,Sales Executive,110401,23,2,3,Yes,2,1,1,0
40,Male,Research & Development,Manufacturing Director,25441,13,4,4,Yes,15,6,2,0
19,Male,Research & Development,Sales Representative,118048,23,2,1,Yes,24,0,4,1
38,Male,Human Resources,Sales Representative,42168,5,4,4,No,4,2,2,0
25,Female,Sales,Laboratory Technician,54778,24,3,4,No,34,2,3,0
55,Female,Human Resources,Sales Representative,71206,11,3,3,No,25,2,1,0
27,Male,Research & Development,Manufacturing Director,83163,11,2,4,No,1,6,2,0
27,Male,Human Resources,Healthcare Representative,138661,1,4,3,No,1,3,4,0
28,Male,Research & Development,Sales Executive,45103,4,1,2,No,7,2,2,0
44,Female,Research & Development,Human Resources,49539,4,4,3,No,26,5,2,0
41,Male,Research & Development,Research Director,66155,12,4,3,No,21,5,1,0
57,Female,Research & Development,Research Scientist,130732,4,3,1,No,19,1,3,0
35,Female,Sales,Manager,145293,2,4,1,No,22,3,2,0
29,Female,Research & Development,Research Director,76356,15,3,2,No,20,2,4,0
20,Male,Research & Development,Healthcare Representative,108573,21,3,3,No,14,3,2,0
18,Female,Research & Development,Research Scientist,138830,1,1,1,No,1,2,4,0
33,Female,Research & Development,Human Resources,129292,14,1,4,No,2,5,4,0
56,Female,Research & Development,Laboratory Technician,106971,24,1,1,Yes,27,6,4,1
39,Female,Sales,Manufacturing Director,87980,10,1,4,No,30,0,3,0
55,Female,Research & Development,Manufacturing Director,147886,4,4,3,No,10,5,3,0
22,Male,Sales,Human Resources,47270,1,1,2,No,10,6,2,0
21,Female,Research & Development,Healthcare Representative,63973,23,1,2,No,16,2,1,0
53,Female,Research & Development,Sales Representative,111238,10,4,3,Yes,26,3,1,1
22,Male,Research & Development,Human Resources,17820,2,2,1,No,24,0,2,1
20,Male,Research & Development,Human Resources,82576,21,4,3,No,22,2,3,0
34,Female,Human Resources,Research Director,130348,20,4,3,No,2,1,1,0
56,Male,Research & Development,Human Resources,38874,17,3,1,No,17,6,4,1
46,Male,Research & Development,Human Resources,123418,2,4,4,Yes,30,0,4,0
22,Female,Research & Development,Human Resources,70678,2,4,3,Yes,24,2,1,0
53,Female,Research & Development,Manager,131169,5,1,1,No,32,3,1,0
53,Female,Sales,Research Scientist,100703,3,1,3,Yes,28,6,4,1
51,Male,Research & Development,Research Scientist,36218,13,2,2,No,36,5,1,1
55,Male,Research & Development,Research Director,114269,9,3,4,No,23,6,1,0
28,Female,Research & Development,Laboratory Technician,22580,19,4,2,No,23,2,1,0
59,Female,Sales,Research Director,47834,2,1,4,No,22,1,3,0
31,Male,Sales,Human Resources,134932,18,1,4,Yes,11,3,1,1
51,Male,Human Resources,Manager,133259,23,2,1,No,18,2,1,0
42,Male,Human Resources,Sales Representative,21255,3,2,2,No,7,0,2,1
50,Female,Human Resources,Laboratory Technician,66239,16,4,1,Yes,17,5,3,0
44,Male,Human Resources,Manufacturing Director,27707,12,2,2,No,6,0,4,0
44,Female,Research & Development,Human Resources,51603,2,4,1,No,20,1,1,0
43,Male,Sales,Research Director,145606,7,1,3,Yes,38,6,2,0
50,Female,Sales,Research Scientist,41341,19,1,1,Yes,18,5,3,0
49,Male,Research & Development,Human Resources,101595,21,4,3,No,29,4,2,0
23,Female,Sales,Healthcare Representative,123563,9,1,2,No,18,0,3,0
52,Female,Human Resources,Research Director,133932,2,1,4,No,36,1,1,0
40,Male,Sales,Healthcare Representative,62812,6,3,4,No,9,1,3,0
31,Male,Sales,Manager,109077,21,1,3,No,33,4,4,0
39,Female,Sales,Research Scientist,80258,14,1,2,Yes,29,3,3,1
58,Female,Sales,Manufacturing Director,29490,10,2,3,No,35,2,3,0
54,Female,Sales,Sales Representative,45080,0,3,3,No,6,5,1,0
53,Female,Research & Development,Research Director,116002,19,3,1,No,35,5,4,0
37,Female,Research & Development,Sales Executive,107622,11,3,2,No,36,5,3,0
50,Female,Research & Development,Sales Executive,85347,13,1,4,No,12,0,3,0
34,Male,Human Resources,Sales Representative,120439,21,2,2,Yes,25,4,1,1
46,Female,Research & Development,Healthcare Representative,108320,14,2,1,No,23,1,3,0
44,Male,Research & Development,Research Director,60822,23,2,4,Yes,2,1,3,0
28,Male,Research & Development,Sales Executive,54683,13,3,4,No,21,6,3,0
29,Male,Sales,Manufacturing Director,142585,8,1,3,Yes,26,2,1,0
20,Male,Research & Development,Sales Executive,146198,23,3,3,No,8,5,1,0
23,Male,Human Resources,Sales Representative,19132,16,4,2,Yes,15,1,2,1
36,Female,Research & Development,Research Director,121751,19,3,2,No,23,6,3,0
38,Male,Sales,Research Scientist,32947,5,2,4,Yes,37,1,2,1
24,Male,Research & Development,Laboratory Technician,131265,16,2,4,No,3,1,3,0
35,Male,Research & Development,Research Director,94486,14,3,2,No,37,2,4,0
43,Female,Research & Development,Sales Executive,107849,2,3,2,No,32,1,4,0
27,Female,Research & Development,Human Resources,109689,6,2,1,No,33,4,3,0
32,Female,Human Resources,Research Director,96664,22,1,1,No,2,1,3,0
33,Male,Research & Development,Research Scientist,48842,14,3,2,No,23,1,1,0
39,Female,Research & Development,Research Scientist,123970,19,3,3,No,15,4,1,0
33,Female,Sales,Sales Representative,89799,4,1,3,Yes,36,0,3,0
48,Male,Sales,Sales Executive,88582,5,3,4,No,29,3,4,0
31,Female,Human Resources,Healthcare Representative,57982,23,1,2,No,26,4,1,0
36,Male,Research & Development,Sales Executive,16355,10,3,1,No,2,3,3,0
33,Female,Research & Development,Healthcare Representative,89802,22,3,4,No,35,0,2,0
25,Female,Research & Development,Manufacturing Director,61587,20,1,4,No,20,1,1,0
46,Male,Sales,Sales Representative,104009,8,3,3,No,7,6,2,0
27,Female,Research & Development,Research Director,64209,23,1,1,No,35,5,2,1
30,Male,Sales,Healthcare Representative,146329,19,2,2,No,36,2,4,1
51,Male,Research & Development,Manager,106918,3,3,3,Yes,20,6,4,0
57,Female,Research & Development,Manager,76519,2,2,4,No,26,0,4,0
46,Female,Sales,Human Resources,110606,3,4,3,No,24,0,1,0
56,Female,Sales,Laboratory Technician,102509,18,4,2,Yes,12,6,4,0
53,Female,Research & Development,Laboratory Technician,98773,3,4,2,No,30,4,3,0
38,Male,Sales,Manufacturing Director,93035,7,1,2,No,39,4,1,1
50,Female,Sales,Sales Representative,140803,10,1,1,No,37,2,3,1
31,Female,Research & Development,Research Director,57869,3,1,1,No,27,5,1,0
37,Female,Research & Development,Laboratory Technician,73366,8,3,4,No,15,4,2,0
40,Female,Research & Development,Sales Executive,49163,16,2,2,No,36,3,4,0
58,Female,Sales,Manager,91883,24,3,4,No,37,2,4,0
53,Female,Human Resources,Manager,148362,11,2,2,No,1,2,2,0
38,Male,Sales,Manufacturing Director,97130,18,1,4,Yes,14,4,1,1
45,Male,Sales,Research Scientist,42925,13,3,1,No,22,4,3,1
26,Male,Research & Development,Research Director,139404,11,3,1,No,23,5,1,0
51,Female,Sales,Research Director,121687,13,3,3,Yes,28,2,4,1
41,Female,Research & Development,Sales Representative,74417,23,2,4,No,21,1,2,0
40,Male,Sales,Manager,34789,1,3,1,No,1,3,1,0
50,Female,Sales,Laboratory Technician,69358,12,4,3,No,7,4,1,0
44,Female,Research & Development,Manufacturing Director,123587,1,3,1,No,30,1,2,0
21,Male,Human Resources,Sales Executive,92909,21,4,3,No,28,0,3,0
30,Male,Sales,Laboratory Technician,40073,15,2,3,No,26,2,4,0
25,Female,Sales,Healthcare Representative,36404,1,1,3,No,18,0,3,1
48,Male,Human Resources,Manufacturing Director,145566,15,4,2,No,11,0,3,0
19,Female,Human Resources,Sales Executive,75376,10,2,2,No,13,6,2,0
26,Female,Research & Development,Human Resources,107608,1,1,3,No,27,5,4,0
43,Female,Sales,Laboratory Technician,63686,24,1,2,Yes,20,0,4,1
47,Male,Research & Development,Healthcare Representative,27165,9,2,3,No,6,2,3,0
39,Female,Sales,Healthcare Representative,70611,0,1,1,No,16,1,4,0
54,Male,Sales,Healthcare Representative,108578,15,3,2,No,33,6,2,0
56,Male,Research & Development,Research Director,60000,9,3,1,No,24,3,2,0
23,Male,Research & Development,Sales Representative,96488,16,2,1,No,34,1,4,0
58,Male,Research & Development,Research Director,74143,4,1,2,No,20,4,2,0
43,Male,Research & Development,Manufacturing Director,60568,20,1,2,Yes,19,3,4,1
44,Female,Sales,Laboratory Technician,49427,10,4,1,No,38,1,4,0
21,Male,Research & Development,Manufacturing Director,50199,10,2,1,No,20,2,4,0
44,Female,Research & Development,Manager,49520,20,1,4,Yes,6,0,2,0
48,Male,Human Resources,Manufacturing Director,112032,13,3,3,No,16,4,2,0
42,Male,Research & Development,Healthcare Representative,60539,0,4,3,No,26,6,2,0
21,Female,Research & Development,Research Scientist,115083,14,1,3,No,14,5,3,0
39,Female,Sales,Manager,56993,16,4,1,No,16,2,3,0
57,Female,Sales,Sales Representative,59172,7,3,3,Yes,35,3,2,0
48,Female,Research & Development,Healthcare Representative,139771,4,2,4,No,17,0,1,0
23,Male,Sales,Research Director,133290,1,4,2,No,12,2,2,0
58,Male,Research & Development,Human Resources,69095,21,2,4,No,5,0,4,0
58,Female,Research & Development,Human Resources,51291,0,3,4,No,16,5,4,0
25,Female,Sales,Sales Executive,111609,14,1,3,No,30,6,1,0
51,Male,Sales,Research Director,24431,20,1,1,Yes,12,1,4,0
35,Male,Research & Development,Manufacturing Director,76621,8,4,3,No,19,4,1,0
42,Female,Human Resources,Healthcare Representative,95982,5,4,4,No,26,4,3,0
36,Female,Research & Development,Manufacturing Director,106229,17,1,3,No,37,2,1,0
50,Male,Research & Development,Laboratory Technician,29454,15,1,4,No,32,5,4,0
59,Male,Sales,Research Director,15404,0,3,3,Yes,12,4,4,0
51,Female,Research & Development,Manager,52349,14,4,2,No,7,1,2,0
57,Male,Sales,Human Resources,31097,0,3,4,No,27,5,3,0
57,Male,Research & Development,Human Resources,83470,9,3,1,No,10,4,4,0
21,Male,Research & Development,Manufacturing Director,139132,7,2,2,No,16,2,1,0
28,Female,Research & Development,Sales Representative,53658,20,1,1,No,5,5,3,0
48,Male,Sales,Healthcare Representative,76250,24,4,3,Yes,31,4,2,1
42,Male,Sales,Healthcare Representative,44024,17,4,4,No,7,0,3,0
20,Male,Sales,Sales Representative,20936,18,2,4,No,15,1,3,0
21,Female,Research & Development,Sales Representative,109930,0,3,1,No,16,2,3,0
39,Male,Human Resources,Human Resources,49613,1,1,3,No,2,0,3,0
43,Male,Sales,Sales Representative,88844,19,2,4,No,31,2,3,0
25,Male,Research & Development,Manager,107217,10,1,4,No,25,3,1,0
25,Female,Research & Development,Human Resources,128367,12,2,3,No,22,5,4,0
23,Female,Sales,Sales Executive,40052,17,1,1,No,7,1,1,0
41,Female,Sales,Sales Representative,93467,8,3,2,Yes,3,3,2,0
18,Male,Research & Development,Manufacturing Director,137953,17,1,4,No,3,4,3,0
42,Female,Research & Development,Manufacturing Director,80265,18,3,3,No,25,3,4,1
37,Male,Research & Development,Research Director,20482,6,3,2,Yes,30,6,3,0
37,Female,Research & Development,Laboratory Technician,50269,17,4,1,Yes,32,2,1,0
46,Male,Human Resources,Research Director,122290,4,1,3,No,32,2,2,1
39,Female,Research & Development,Healthcare Representative,121928,7,2,2,No,16,0,1,0
48,Female,Human Resources,Manufacturing Director,57456,19,1,2,Yes,1,2,3,0
50,Male,Research & Development,Laboratory Technician,41577,24,3,4,Yes,10,0,3,0
56,Female,Human Resources,Manufacturing Director,54389,1,1,1,No,31,6,3,1
51,Male,Research & Development,Human Resources,47700,16,3,1,No,30,1,4,0
39,Male,Research & Development,Sales Executive,115030,14,4,4,No,20,5,3,0
38,Male,Research & Development,Healthcare Representative,128614,15,3,4,No,1,0,4,0
27,Female,Human Resources,Research Director,21291,19,1,2,No,31,1,4,0
43,Male,Research & Development,Healthcare Representative,115060,1,2,4,Yes,32,0,2,1
23,Female,Research & Development,Manager,116581,18,3,1,No,9,2,2,0
57,Female,Research & Development,Manufacturing Director,97737,6,2,1,No,32,4,1,0
53,Female,Human Resources,Research Scientist,132624,3,2,2,No,25,2,2,0
23,Female,Research & Development,Manager,20254,11,4,3,No,35,4,3,0
51,Male,Research & Development,Human Resources,109466,0,4,1,No,25,5,3,0
22,Female,Research & Development,Healthcare Representative,32179,15,2,1,No,4,0,4,0
48,Male,Human Resources,Manufacturing Director,136095,14,2,4,Yes,26,2,3,0
21,Female,Sales,Research Scientist,82494,12,1,3,No,5,4,4,0
38,Male,Research & Development,Human Resources,27266,0,2,3,No,11,3,3,0
45,Female,Research & Development,Research Director,115755,19,3,4,No,35,1,4,0
48,Female,Human Resources,Human Resources,116144,0,3,1,No,38,1,4,1
35,Female,Human Resources,Manufacturing Director,77653,6,2,4,Yes,19,2,2,0
56,Male,Research & Development,Manager,56907,9,1,2,No,12,4,4,1
50,Female,Research & Development,Manufacturing Director,17334,17,1,4,Yes,16,6,4,1
26,Male,Sales,Laboratory Technician,137575,10,1,4,Yes,10,2,2,1
46,Male,Human Resources,Research Scientist,39876,20,1,1,No,23,3,1,0
48,Male,Sales,Manufacturing Director,128763,23,1,1,No,17,2,1,0
32,Female,Research & Development,Healthcare Representative,94483,19,3,3,No,3,0,4,0
49,Female,Research & Development,Research Scientist,107502,0,4,3,No,24,2,2,0
55,Female,Research & Development,Sales Representative,108719,19,4,1,Yes,26,2,3,0
52,Male,Sales,Healthcare Representative,130842,5,3,2,Yes,27,1,2,0
50,Male,Sales,Research Director,19512,22,2,4,Yes,37,4,2,1
44,Female,Human Resources,Laboratory Technician,148809,24,4,4,No,28,1,2,0
29,Male,Research & Development,Sales Executive,20849,2,1,1,Yes,27,1,3,1
51,Male,Sales,Laboratory Technician,149873,2,3,3,No,9,2,1,0
33,Female,Research & Development,Human Resources,50276,17,4,1,No,19,6,4,0
40,Male,Sales,Laboratory Technician,129189,3,3,2,No,17,4,2,0
31,Female,Human Resources,Sales Representative,26272,24,2,1,No,38,2,1,0
31,Female,Research & Development,Research Director,77224,13,3,3,Yes,19,5,1,0
24,Female,Sales,Laboratory Technician,88162,14,4,1,No,27,0,1,0
58,Female,Sales,Manager,143833,21,1,1,No,22,2,2,1
24,Female,Research & Development,Research Scientist,31699,5,3,1,Yes,3,3,3,0
21,Female,Research & Development,Manufacturing Director,19924,13,1,1,No,37,3,4,0
57,Male,Research & Development,Laboratory Technician,102509,24,1,1,Yes,27,4,4,1
41,Male,Research & Development,Sales Representative,21647,0,4,3,No,9,4,2,0
36,Male,Research & Development,Research Director,119925,4,2,4,No,3,3,3,0
48,Female,Sales,Laboratory Technician,20174,3,1,2,Yes,37,6,2,1
34,Female,Sales,Laboratory Technician,146019,8,2,4,No,12,6,1,0
23,Male,Human Resources,Research Director,86915,3,1,3,No,1,3,3,0
48,Female,Sales,Healthcare Representative,143034,4,4,2,No,25,6,3,1
25,Male,Human Resources,Healthcare Representative,32097,21,4,1,No,1,4,4,0
41,Female,Research & Development,Sales Representative,51904,11,1,4,No,9,0,1,0
57,Female,Sales,Research Scientist,76409,8,1,1,Yes,35,0,3,1
57,Female,Sales,Research Director,18970,10,4,2,Yes,2,0,2,0
33,Male,Sales,Manufacturing Director,28895,24,4,1,No,30,1,2,0
50,Male,Research & Development,Manager,59470,12,4,4,No,25,2,1,0
43,Female,Research & Development,Manufacturing Director,114500,11,3,4,No,12,0,1,0
38,Female,Research & Development,Sales Representative,110644,23,4,2,No,12,4,2,0
23,Female,Research & Development,Manager,26719,0,2,2,No,19,2,1,0
33,Male,Research & Development,Research Scientist,23073,11,4,3,No,21,4,2,0
45,Male,Human Resources,Research Scientist,103564,18,4,3,No,35,3,3,0
59,Male,Human Resources,Research Director,63561,12,1,2,No,11,1,1,0
18,Female,Research & Development,Healthcare Representative,121936,21,1,2,No,24,4,4,0
48,Male,Research & Development,Laboratory Technician,55234,22,3,1,No,27,6,2,0
53,Male,Research & Development,Research Scientist,63982,8,4,2,No,1,2,4,0
57,Male,Research & Development,Research Scientist,44611,20,4,3,No,35,2,3,0
35,Female,Research & Development,Human Resources,50977,6,1,3,No,39,3,4,0
22,Female,Sales,Human Resources,110327,5,2,4,Yes,4,5,2,0
29,Female,Research & Development,Manufacturing Director,78616,24,4,3,No,11,3,1,0
53,Male,Human Resources,Research Scientist,103978,0,1,4,No,31,5,1,0
54,Male,Sales,Manufacturing Director,25618,8,3,3,No,32,0,1,0
44,Male,Research & Development,Research Scientist,87291,15,2,2,Yes,7,0,3,0
23,Male,Human Resources,Healthcare Representative,76917,10,1,2,No,36,2,3,0
23,Female,Sales,Manager,137954,21,1,3,No,13,1,4,0
38,Female,Research & Development,Human Resources,72169,6,3,2,No,12,0,4,0
42,Female,Human Resources,Laboratory Technician,28923,13,4,4,Yes,14,1,4,0
19,Male,Human Resources,Research Scientist,109118,3,1,1,No,27,1,2,1
46,Male,Sales,Research Scientist,35208,5,2,1,Yes,9,6,2,0
40,Female,Research & Development,Manufacturing Director,137724,4,1,2,No,22,5,4,0
18,Male,Research & Development,Manager,66765,18,3,1,No,3,2,3,0
22,Male,Sales,Sales Executive,120912,5,4,1,No,6,6,2,0
37,Male,Research & Development,Sales Representative,103544,16,4,2,No,30,5,4,0
48,Male,Sales,Healthcare Representative,77757,8,2,1,No,15,1,1,0
52,Female,Sales,Research Director,93850,14,2,1,No,31,3,3,0
36,Female,Research & Development,Healthcare Representative,39666,21,2,3,No,29,6,4,0
30,Male,Research & Development,Research Scientist,24995,21,4,2,No,39,3,3,0
58,Female,Research & Development,Sales Executive,118450,0,2,4,Yes,6,2,3,1
37,Male,Research & Development,Manager,144387,19,1,1,No,37,6,1,0
31,Male,Research & Development,Healthcare Representative,131359,23,4,3,Yes,35,4,3,0
36,Male,Sales,Research Director,56183,16,1,3,No,17,3,2,0
18,Female,Sales,Research Director,63333,4,4,3,No,6,6,4,0
30,Female,Sales,Research Scientist,63461,16,1,3,No,6,5,2,0
39,Female,Research & Development,Laboratory Technician,109845,15,3,1,No,20,2,2,0
56,Male,Sales,Research Scientist,99190,16,2,4,Yes,1,2,2,0
49,Male,Sales,Sales Executive,122524,10,3,2,No,4,0,3,0
50,Female,Sales,Sales Executive,142597,13,2,3,No,21,0,4,0
40,Male,Research & Development,Sales Executive,67971,16,2,2,Yes,22,6,2,0
22,Male,Research & Development,Healthcare Representative,104462,11,2,2,No,34,0,1,0
34,Female,Human Resources,Research Scientist,82556,19,4,3,No,39,5,4,0
59,Female,Research & Development,Research Scientist,143894,17,1,4,No,11,1,3,0
19,Male,Research & Development,Research Scientist,62791,7,1,4,Yes,13,3,2,0
54,Male,Sales,Sales Representative,40324,15,1,3,Yes,8,5,4,1
46,Female,Research & Development,Manager,66143,18,3,3,No,9,6,2,0
29,Male,Sales,Human Resources,98539,12,3,3,No,18,2,3,0
50,Male,Research & Development,Research Scientist,143704,17,3,4,No,39,6,4,1
53,Male,Research & Development,Research Scientist,126898,3,1,1,Yes,35,3,1,0
19,Male,Research & Development,Healthcare Representative,17478,9,4,4,No,36,6,4,0
22,Female,Sales,Manager,83718,17,4,3,No,18,0,4,0
45,Female,Research & Development,Research Scientist,36481,22,4,3,No,26,1,2,0
59,Female,Research & Development,Research Scientist,63893,16,4,3,No,29,4,2,0
19,Male,Research & Development,Manufacturing Director,142432,16,2,4,No,10,4,1,0
45,Male,Research & Development,Sales Executive,147942,8,3,3,No,19,5,1,0
23,Female,Research & Development,Manufacturing Director,35746,17,2,1,No,22,2,4,1
45,Male,Sales,Sales Representative,34033,8,3,4,No,15,4,2,0
44,Female,Research & Development,Healthcare Representative,109002,1,2,3,No,19,4,3,1
21,Female,Research & Development,Manufacturing Director,70475,6,3,4,No,18,6,1,0
46,Male,Sales,Healthcare Representative,73432,15,4,4,No,3,0,2,0
55,Female,Research & Development,Human Resources,132905,24,3,4,Yes,30,0,4,0
54,Female,Human Resources,Healthcare Representative,139280,12,4,1,No,36,4,3,0
19,Male,Research & Development,Healthcare Representative,136564,21,4,3,Yes,30,0,1,0
28,Female,Research & Development,Human Resources,120702,19,1,4,Yes,37,1,1,0
28,Male,Research & Development,Research Scientist,147351,14,4,4,No,17,3,4,0
37,Female,Research & Development,Sales Executive,112181,20,4,3,Yes,3,1,1,0
24,Female,Research & Development,Healthcare Representative,134454,10,2,4,Yes,11,1,1,1
53,Male,Sales,Laboratory Technician,87951,11,3,4,Yes,34,2,2,0
50,Female,Research & Development,Research Scientist,21879,18,3,1,Yes,6,4,4,0
51,Male,Research & Development,Research Scientist,125221,15,4,4,No,22,2,3,0
26,Female,Sales,Research Director,140518,13,4,3,No,1,5,1,0
18,Female,Research & Development,Manager,57162,10,1,3,No,13,1,4,0
56,Female,Sales,Sales Representative,72802,24,1,1,No,5,0,4,0
30,Female,Research & Development,Research Scientist,92235,1,1,4,No,5,1,3,0
45,Male,Research & Development,Manufacturing Director,102968,1,3,2,No,7,6,1,0
56,Female,Research & Development,Manager,106091,11,4,2,No,21,1,1,0
19,Male,Research & Development,Healthcare Representative,68227,0,3,2,No,27,0,4,1
18,Female,Human Resources,Sales Representative,130345,8,1,4,No,12,2,4,0
18,Male,Research & Development,Sales Representative,124845,14,3,2,No,32,4,4,0
24,Female,Research & Development,Manufacturing Director,142206,10,2,1,Yes,16,2,2,1
20,Male,Research & Development,Research Director,92749,5,2,1,No,29,2,3,0
52,Female,Sales,Laboratory Technician,25456,7,4,4,No,21,0,1,0
43,Male,Sales,Sales Executive,129148,15,2,1,No,29,4,1,0
59,Female,Research & Development,Human Resources,25731,23,3,4,Yes,39,1,1,0
51,Male,Sales,Sales Executive,41159,19,1,1,No,39,0,3,0
58,Male,Research & Development,Laboratory Technician,53498,13,2,4,No,23,5,2,0
28,Male,Research & Development,Research Scientist,39972,3,3,3,Yes,38,6,3,0
30,Male,Research & Development,Laboratory Technician,112705,6,3,1,No,28,4,2,0
53,Female,Sales,Manufacturing Director,74450,11,4,4,No,11,6,3,0
28,Male,Research & Development,Research Scientist,44609,6,2,2,Yes,37,2,4,1
20,Male,Research & Development,Healthcare Representative,15641,17,4,4,No,6,3,3,0
46,Male,Research & Development,Human Resources,44212,9,4,3,Yes,19,2,4,0
51,Male,Sales,Research Scientist,108535,20,2,2,No,6,3,4,0
58,Female,Research & Development,Human Resources,122229,6,1,1,Yes,31,6,3,1
56,Female,Sales,Manufacturing Director,54967,12,2,2,Yes,35,4,4,1
23,Male,Research & Development,Manager,24887,17,3,1,No,32,0,1,1
50,Female,Research & Development,Manufacturing Director,90235,5,4,4,No,4,4,3,0
53,Female,Human Resources,Laboratory Technician,120691,19,3,1,Yes,11,2,1,1
47,Female,Research & Development,Sales Executive,24450,14,3,1,No,14,3,1,0
52,Female,Research & Development,Manager,122398,16,1,1,No,5,3,1,0
53,Female,Sales,Human Resources,38036,11,3,4,No,21,4,1,0
36,Male,Research & Development,Healthcare Representative,49817,23,4,4,No,2,6,2,0
19,Female,Research & Development,Manager,99085,19,2,3,No,24,6,3,0
37,Male,Research & Development,Manager,21935,4,4,1,No,23,6,4,1
26,Male,Sales,Manufacturing Director,56264,13,1,3,No,24,4,4,0
22,Female,Sales,Research Scientist,33749,22,4,4,No,36,1,1,0
23,Male,Sales,Healthcare Representative,43987,6,4,1,Yes,31,1,2,1
47,Female,Human Resources,Research Director,119409,13,3,4,Yes,11,5,2,0
39,Female,Research & Development,Laboratory Technician,45894,18,3,1,No,23,6,1,0
40,Female,Sales,Research Director,20872,6,4,4,Yes,32,0,1,0
49,Male,Human Resources,Research Director,44000,12,2,3,No,34,1,2,0
41,Male,Sales,Laboratory Technician,26711,13,1,4,No,26,4,4,0
44,Male,Research & Development,Manager,99084,4,4,2,No,4,1,2,0
21,Female,Research & Development,Sales Representative,146333,4,1,4,No,17,0,2,0
53,Male,Human Resources,Healthcare Representative,37638,14,3,4,No,34,6,4,0
36,Female,Research & Development,Sales Representative,113395,4,2,2,No,3,0,2,0
24,Male,Research & Development,Human Resources,63965,23,4,3,Yes,24,1,3,0
52,Male,Human Resources,Manager,24696,13,4,2,Yes,22,6,4,0
48,Male,Sales,Research Director,107864,17,2,2,No,9,0,1,0
20,Male,Human Resources,Research Director,43336,9,3,4,No,14,5,3,0
26,Male,Research & Development,Research Director,84345,7,2,1,No,39,3,2,0
18,Male,Human Resources,Research Director,83459,12,2,1,No,24,3,1,1
29,Female,Sales,Laboratory Technician,95632,17,4,2,Yes,37,5,1,0
22,Female,Sales,Sales Executive,33217,9,2,4,No,19,0,3,0
47,Female,Research & Development,Research Scientist,48872,7,4,1,No,33,0,3,0
39,Male,Research & Development,Laboratory Technician,114541,3,3,2,No,25,1,3,0
59,Male,Research & Development,Sales Representative,140916,13,4,3,No,36,3,3,0
49,Female,Human Resources,Healthcare Representative,16582,16,3,2,No,13,6,3,0
43,Female,Research & Development,Healthcare Representative,70873,13,4,3,Yes,15,0,1,0
39,Female,Research & Development,Sales Executive,133988,6,2,3,No,2,2,1,0
20,Male,Research & Development,Sales Representative,53740,6,2,4,Yes,9,3,2,0
20,Male,Sales,Manufacturing Director,75428,9,2,4,Yes,6,1,3,0
43,Female,Sales,Sales Representative,137084,8,1,2,No,8,2,4,0
18,Female,Sales,Research Scientist,145810,5,1,2,Yes,13,1,4,1
19,Female,Research & Development,Laboratory Technician,103464,23,2,2,Yes,35,0,4,1
27,Female,Research & Development,Sales Executive,108708,8,4,2,No,15,3,2,0
55,Male,Research & Development,Laboratory Technician,97882,6,4,4,No,33,6,3,0
37,Female,Research & Development,Human Resources,53289,15,3,3,No,32,2,1,0
47,Female,Research & Development,Healthcare Representative,134709,20,2,3,No,39,4,2,0
35,Female,Research & Development,Manufacturing Director,19599,11,3,2,No,20,4,1,0
25,Female,Human Resources,Laboratory Technician,22902,16,4,3,No,34,5,4,0
33,Male,Research & Development,Laboratory Technician,96242,2,1,3,No,17,5,2,0
21,Female,Research & Development,Sales Representative,128086,13,4,3,No,25,6,3,0
50,Male,Research & Development,Human Resources,124922,1,4,4,No,32,5,1,0
25,Female,Research & Development,Sales Representative,106511,3,4,4,Yes,6,6,4,0
33,Male,Human Resources,Sales Representative,65799,14,1,1,Yes,3,6,3,0
59,Female,Research & Development,Healthcare Representative,63599,5,4,1,No,7,5,1,0
42,Female,Research & Development,Sales Executive,72463,0,3,4,Yes,29,3,2,0
37,Male,Research & Development,Sales Representative,49607,4,3,2,No,19,2,1,0
40,Male,Research & Development,Research Director,71583,19,1,2,No,11,3,1,0
50,Female,Research & Development,Healthcare Representative,29148,14,2,4,No,30,5,1,0
28,Male,Research & Development,Sales Executive,58182,9,2,3,No,1,5,3,0
44,Female,Research & Development,Sales Representative,142045,24,4,1,Yes,7,3,4,0
54,Female,Sales,Human Resources,110435,9,2,1,No,19,0,3,0
42,Female,Human Resources,Laboratory Technician,34158,21,1,4,No,36,1,3,0
36,Male,Research & Development,Research Scientist,53647,8,4,4,No,30,4,1,0
24,Male,Human Resources,Sales Representative,50024,0,1,2,No,27,2,1,0
28,Female,Sales,Laboratory Technician,53025,2,4,4,Yes,28,3,1,1
57,Female,Research & Development,Sales Representative,108299,6,4,1,No,13,2,4,0
40,Female,Research & Development,Sales Representative,135826,4,2,4,Yes,18,0,3,0
30,Male,Research & Development,Laboratory Technician,110870,3,3,1,Yes,35,3,4,0
35,Female,Sales,Sales Executive,80937,9,4,3,No,29,3,4,0
42,Female,Human Resources,Manager,36703,24,3,4,No,24,5,1,0
40,Female,Research & Development,Manufacturing Director,34290,5,3,3,No,4,0,3,0
47,Male,Research & Development,Research Director,124907,5,1,4,No,29,3,3,0
28,Female,Research & Development,Manufacturing Director,106479,24,3,2,No,15,5,3,0
45,Female,Sales,Laboratory Technician,83888,5,3,2,No,16,1,3,0
36,Male,Research & Development,Research Director,92920,20,3,2,Yes,27,2,2,0
57,Female,Sales,Sales Representative,129541,15,4,1,No,16,0,1,0
24,Female,Research & Development,Manager,124864,23,4,2,Yes,23,4,4,0
24,Male,Research & Development,Human Resources,26783,13,3,1,No,1,5,3,0
37,Female,Research & Development,Research Director,68339,14,2,4,No,8,3,4,0
39,Female,Sales,Research Director,20782,5,2,1,No,21,2,1,1
47,Female,Sales,Research Director,66947,14,1,1,Yes,38,5,1,0
34,Male,Sales,Manufacturing Director,100993,16,3,3,No,30,3,4,1
56,Female,Sales,Sales Executive,43134,24,2,3,Yes,17,2,4,0
37,Female,Research & Development,Manager,35253,2,4,1,Yes,38,5,4,0
23,Male,Sales,Sales Representative,81275,3,4,3,No,11,1,2,0
23,Female,Human Resources,Human Resources,85868,0,4,1,No,35,5,4,0
58,Male,Sales,Sales Representative,111403,19,4,4,No,16,1,1,0
23,Male,Sales,Manager,16904,2,2,1,No,4,3,4,1
57,Female,Human Resources,Manager,48477,22,2,3,No,1,1,2,0
29,Male,Sales,Research Scientist,120290,9,3,3,No,39,4,1,0
21,Male,Research & Development,Sales Executive,107067,7,2,2,No,26,3,3,0
30,Male,Human Resources,Sales Executive,136436,24,2,3,No,6,1,2,0
43,Female,Human Resources,Human Resources,124993,18,3,2,Yes,39,5,1,1
35,Male,Research & Development,Research Director,128249,13,2,3,No,2,6,3,0
50,Female,Sales,Laboratory Technician,83937,22,4,1,No,14,0,4,0
43,Female,Research & Development,Manufacturing Director,144377,18,1,3,Yes,30,3,2,0
34,Female,Human Resources,Healthcare Representative,71152,15,2,4,Yes,3,5,4,0
44,Female,Human Resources,Laboratory Technician,136917,8,3,4,Yes,36,5,3,0
58,Male,Sales,Manufacturing Director,67899,24,4,2,No,27,1,1,0
35,Male,Research & Development,Manufacturing Director,74942,17,3,2,No,38,0,2,0
24,Female,Research & Development,Sales Representative,107563,23,1,2,No,33,3,4,1
35,Female,Sales,Sales Representative,68777,24,2,4,No,33,4,1,0
53,Female,Research & Development,Sales Executive,34858,13,4,4,No,9,2,4,0
27,Male,Sales,Healthcare Representative,135984,8,2,3,Yes,8,2,3,0
57,Male,Research & Development,Human Resources,76145,23,2,4,No,10,3,3,0
42,Female,Sales,Research Director,140136,24,1,1,No,7,3,3,0
43,Female,Research & Development,Research Director,68880,3,3,4,Yes,26,3,3,0
31,Male,Sales,Sales Representative,146332,15,1,4,Yes,3,4,3,0
56,Female,Research & Development,Sales Executive,96392,15,2,3,No,17,6,3,0
19,Female,Sales,Human Resources,118722,18,3,3,No,23,5,3,0
30,Male,Human Resources,Sales Representative,116997,24,4,4,No,22,0,3,0
35,Female,Sales,Research Director,42268,6,1,3,Yes,20,2,2,0
38,Male,Research & Development,Human Resources,125090,24,2,4,Yes,9,0,2,0
37,Male,Sales,Laboratory Technician,142568,16,1,1,Yes,5,6,4,1
24,Male,Sales,Sales Executive,104252,2,2,3,No,39,4,4,0
27,Female,Sales,Manager,142864,12,4,2,No,19,1,3,0
22,Female,Sales,Healthcare Representative,129221,3,2,4,No,24,5,2,0
42,Female,Sales,Sales Executive,104927,23,2,4,No,23,3,3,0
32,Female,Research & Development,Laboratory Technician,79422,19,2,4,Yes,15,0,3,0
41,Male,Research & Development,Human Resources,130732,22,4,1,No,29,1,2,0
42,Male,Sales,Manufacturing Director,40042,15,3,2,No,15,5,1,0
47,Male,Research & Development,Laboratory Technician,90758,9,3,1,No,17,2,3,0
40,Female,Research & Development,Manager,125123,10,4,4,No,32,3,2,0
45,Female,Sales,Manager,142457,23,3,2,Yes,13,6,1,0
42,Female,Research & Development,Laboratory Technician,51060,3,3,3,No,28,2,4,0
45,Male,Sales,Research Director,27681,22,3,2,No,26,0,3,1
43,Male,Sales,Manager,60003,10,3,4,Yes,2,0,1,0
31,Male,Research & Development,Research Scientist,131635,14,1,4,No,27,6,1,0
28,Male,Human Resources,Laboratory Technician,85717,16,2,4,No,32,4,3,0
51,Male,Human Resources,Research Director,22492,2,4,3,Yes,11,2,4,0
32,Female,Human Resources,Sales Executive,31113,3,1,1,No,36,0,2,0
41,Female,Research & Development,Sales Executive,60779,4,4,4,No,1,4,4,0
26,Male,Sales,Manager,61269,19,3,1,No,8,0,1,0
36,Male,Research & Development,Manufacturing Director,33268,1,2,2,No,37,0,3,0
40,Female,Sales,Laboratory Technician,81709,15,1,2,Yes,34,4,4,1
44,Male,Sales,Healthcare Representative,79683,2,4,2,No,30,4,4,0
40,Male,Sales,Research Scientist,41906,19,1,4,No,24,3,1,0
33,Female,Research & Development,Manufacturing Director,46353,24,3,1,Yes,8,6,3,1
58,Female,Research & Development,Laboratory Technician,104697,10,1,3,No,20,1,1,0
39,Female,Sales,Manager,143529,5,4,1,No,23,3,1,0
51,Male,Research & Development,Sales Representative,149527,11,1,4,Yes,4,2,4,1
48,Female,Research & Development,Human Resources,90508,17,4,3,No,24,2,3,1
41,Male,Human Resources,Sales Executive,20197,18,3,2,No,4,1,1,0
55,Male,Sales,Laboratory Technician,136193,15,1,1,No,5,5,4,0
23,Female,Research & Development,Laboratory Technician,143320,14,3,1,No,7,4,4,0
56,Female,Sales,Manager,52537,15,4,1,No,8,4,1,0
53,Male,Research & Development,Healthcare Representative,69048,5,1,2,No,4,0,1,0
39,Female,Sales,Research Director,18506,5,4,4,Yes,38,0,1,0
48,Male,Sales,Human Resources,123162,23,4,1,No,32,5,4,1
39,Male,Research & Development,Sales Representative,119713,14,3,3,No,20,4,3,0
29,Male,Sales,Research Scientist,17784,21,2,2,No,15,0,3,0
51,Female,Sales,Sales Executive,109820,15,1,1,No,8,4,2,0
28,Female,Human Resources,Human Resources,70604,11,2,3,No,38,6,2,0
31,Male,Sales,Human Resources,88641,14,4,3,No,32,5,3,0
39,Male,Research & Development,Laboratory Technician,44475,17,3,4,No,30,1,1,0
53,Male,Research & Development,Sales Executive,125071,4,3,3,No,19,2,3,0
34,Male,Sales,Sales Representative,69594,11,4,2,No,2,5,1,0
38,Male,Research & Development,Manager,128411,18,2,4,Yes,25,2,4,0
19,Male,Sales,Research Director,35016,2,1,1,Yes,20,5,1,1
22,Female,Research & Development,Manager,94366,1,4,3,No,12,6,1,0
20,Male,Sales,Sales Representative,56870,4,3,4,No,13,2,2,0
21,Male,Sales,Research Director,145400,14,3,1,No,3,4,2,0
54,Female,Research & Development,Sales Executive,90179,5,3,4,Yes,34,3,3,0
53,Male,Human Resources,Research Scientist,112161,10,4,1,No,7,3,4,0
52,Male,Research & Development,Research Director,26635,3,4,2,No,32,0,3,0
20,Male,Human Resources,Research Scientist,106378,6,3,2,No,38,6,2,0
21,Male,Research & Development,Research Scientist,28645,0,4,1,No,2,3,3,0
29,Male,Research & Development,Sales Representative,63791,20,2,3,No,25,1,3,0
41,Female,Research & Development,Research Scientist,45034,11,3,2,Yes,3,4,1,0
32,Male,Human Resources,Research Scientist,15304,4,4,3,Yes,33,2,1,0
38,Female,Research & Development,Sales Executive,94148,13,1,2,Yes,20,5,1,1
25,Female,Research & Development,Healthcare Representative,47527,23,3,3,Yes,1,5,1,0
48,Male,Research & Development,Manager,84198,20,3,4,No,31,2,4,0
31,Male,Research & Development,Sales Representative,118129,22,3,3,Yes,30,4,2,0
20,Male,Sales,Human Resources,39051,10,4,1,No,37,0,2,0
49,Male,Research & Development,Manager,110832,9,2,2,No,19,6,2,0
55,Female,Research & Development,Sales Representative,55099,7,1,2,No,37,3,2,0
18,Female,Research & Development,Research Scientist,59687,7,1,1,No,26,4,3,0
36,Male,Research & Development,Manufacturing Director,92894,22,4,1,No,21,4,1,0
52,Male,Research & Development,Laboratory Technician,99453,3,3,1,No,14,2,3,0
47,Male,Research & Development,Sales Executive,103478,21,3,4,No,12,4,4,0
53,Female,Research & Development,Human Resources,41363,22,2,2,No,25,2,4,0
35,Female,Sales,Laboratory Technician,93247,21,2,4,No,29,4,2,0
33,Male,Human Resources,Healthcare Representative,50589,15,4,3,No,2,0,4,0
47,Male,Research & Development,Manufacturing Director,52384,21,3,3,Yes,17,1,1,0
24,Male,Sales,Sales Executive,142900,0,4,4,No,2,6,1,0
28,Male,Sales,Human Resources,28624,20,4,3,No,16,5,2,0
43,Male,Sales,Research Scientist,70779,12,4,1,Yes,32,0,1,0
46,Male,Research & Development,Sales Executive,74305,23,3,2,Yes,27,1,2,0
23,Male,Research & Development,Manufacturing Director,48073,2,1,3,Yes,5,3,4,0
39,Male,Human Resources,Research Scientist,121024,23,3,1,Yes,28,0,4,1
33,Male,Research & Development,Human Resources,80759,14,3,1,Yes,1,2,2,0
39,Female,Research & Development,Research Scientist,112119,2,3,1,No,1,2,2,0
58,Female,Research & Development,Laboratory Technician,67247,12,1,3,No,36,0,2,0
21,Male,Research & Development,Laboratory Technician,136064,0,4,2,No,2,2,1,0
59,Male,Research & Development,Sales Executive,113486,2,4,1,No,11,2,1,0
36,Female,Sales,Sales Executive,59980,13,2,3,Yes,6,0,4,0
50,Female,Human Resources,Healthcare Representative,144885,20,2,3,No,23,4,3,0
35,Male,Research & Development,Laboratory Technician,131782,2,1,3,Yes,21,1,3,0
31,Female,Research & Development,Sales Executive,94884,6,4,1,No,33,0,2,0
50,Male,Human Resources,Laboratory Technician,17220,9,1,4,No,39,0,4,0
46,Male,Research & Development,Laboratory Technician,94804,13,2,1,No,30,6,1,0
24,Female,Sales,Manufacturing Director,108263,0,2,3,No,19,0,4,1
47,Female,Research & Development,Human Resources,64252,15,2,3,No,2,6,3,0
49,Female,Sales,Laboratory Technician,34425,12,3,1,No,36,1,2,1
34,Male,Research & Development,Sales Representative,91225,24,4,2,No,22,0,4,0
56,Female,Sales,Sales Representative,123204,7,4,1,No,9,3,2,0
44,Male,Research & Development,Sales Executive,58109,12,3,2,Yes,22,6,2,0
32,Female,Human Resources,Healthcare Representative,76601,2,1,3,Yes,16,0,3,1
18,Male,Sales,Healthcare Representative,15147,22,4,2,No,14,2,3,0
46,Male,Research & Development,Healthcare Representative,110020,20,2,3,No,18,5,3,0
26,Female,Research & Development,Research Scientist,131922,8,4,4,No,30,0,2,0
49,Female,Research & Development,Healthcare Representative,119807,11,2,1,Yes,7,1,2,0
40,Female,Sales,Research Scientist,72974,21,3,2,Yes,38,2,2,0
37,Male,Sales,Human Resources,21088,7,2,1,No,3,5,4,1
24,Male,Research & Development,Manager,81431,5,2,3,Yes,6,5,2,0
47,Female,Research & Development,Sales Executive,141957,6,1,1,No,27,4,4,0
24,Female,Research & Development,Healthcare Representative,26272,17,3,4,Yes,6,4,1,0
35,Male,Sales,Human Resources,43880,5,2,2,Yes,31,0,1,0
53,Female,Research & Development,Sales Representative,128009,2,4,3,Yes,29,1,2,0
56,Female,Research & Development,Laboratory Technician,91707,4,2,1,No,17,6,1,0
59,Male,Sales,Human Resources,37995,24,4,2,No,18,5,4,0
58,Female,Research & Development,Research Scientist,18275,21,2,1,No,39,1,2,1
41,Female,Research & Development,Laboratory Technician,70433,23,2,3,No,32,4,1,0
26,Female,Research & Development,Research Scientist,95314,6,1,1,No,25,5,3,0
53,Female,Human Resources,Human Resources,128435,11,3,1,No,6,5,4,0
51,Male,Research & Development,Sales Representative,134311,12,1,3,No,23,6,4,0
59,Female,Research & Development,Healthcare Representative,76800,13,2,3,Yes,2,3,1,0
45,Female,Sales,Sales Representative,72035,0,4,2,No,10,0,4,1
23,Female,Sales,Laboratory Technician,140705,14,3,2,No,28,5,2,0
39,Female,Sales,Sales Executive,119879,0,3,2,No,16,0,4,0
36,Male,Research & Development,Research Director,43257,6,4,4,No,39,4,3,0
53,Male,Research & Development,Human Resources,106971,7,4,2,No,37,5,3,0
34,Male,Sales,Sales Executive,111556,16,4,4,No,4,0,4,0
31,Female,Sales,Sales Executive,46577,22,3,1,Yes,35,5,4,1
21,Female,Research & Development,Manager,147029,17,2,1,No,34,5,1,0
53,Female,Research & Development,Sales Executive,55073,10,1,2,Yes,5,4,3,0
49,Male,Research & Development,Sales Representative,89197,13,2,1,Yes,16,2,1,1
19,Female,Research & Development,Human Resources,81653,12,3,3,No,37,1,4,0
36,Male,Human Resources,Laboratory Technician,108444,3,2,2,No,1,4,3,0
38,Male,Sales,Laboratory Technician,136723,23,3,2,No,3,1,1,0
37,Female,Research & Development,Research Director,68085,22,1,3,No,20,4,2,0
56,Male,Research & Development,Manufacturing Director,66911,6,1,1,No,38,1,4,1
24,Male,Research & Development,Laboratory Technician,116430,2,2,2,No,11,2,3,0
30,Male,Human Resources,Sales Executive,143556,4,1,4,No,31,3,1,1
25,Male,Sales,Research Director,137697,15,4,3,No,28,1,4,0
28,Male,Research & Development,Human Resources,116622,0,2,3,Yes,6,5,3,1
56,Female,Research & Development,Sales Executive,109912,2,2,3,No,12,4,1,0
57,Female,Human Resources,Research Director,118778,16,2,2,No,25,0,2,0
19,Male,Research & Development,Research Scientist,141350,3,2,4,No,19,5,4,0
44,Male,Research & Development,Research Scientist,16436,1,4,4,Yes,10,5,2,0
27,Male,Research & Development,Manufacturing Director,94468,0,3,2,No,8,5,1,0
26,Male,Research & Development,Manufacturing Director,19594,17,1,4,No,22,4,3,0
30,Female,Research & Development,Research Director,92913,9,1,1,Yes,33,4,4,0
26,Male,Research & Development,Sales Representative,68287,7,1,2,No,17,2,3,0
38,Male,Sales,Research Scientist,56124,15,2,2,Yes,37,1,4,1
59,Male,Research & Development,Manager,135283,4,3,3,No,27,1,1,0
42,Male,Human Resources,Research Director,110799,13,4,3,No,16,2,3,0
48,Male,Research & Development,Manager,91601,12,2,2,No,28,2,3,0
38,Male,Research & Development,Laboratory Technician,134063,16,1,2,Yes,18,5,4,0
18,Female,Human Resources,Research Scientist,28216,15,1,3,No,30,3,3,0
21,Female,Research & Development,Healthcare Representative,102252,16,2,2,No,39,2,4,0
29,Female,Human Resources,Healthcare Representative,36092,5,2,2,No,31,5,1,0
28,Male,Research & Development,Manufacturing Director,46460,3,3,2,No,6,5,1,0
53,Female,Human Resources,Sales Executive,39996,13,1,4,No,3,6,3,0
53,Female,Sales,Research Scientist,88454,1,1,3,Yes,32,2,1,1
53,Male,Research & Development,Healthcare Representative,99920,11,3,1,No,34,1,4,0
44,Male,Research & Development,Human Resources,117051,15,2,4,No,23,0,1,0
41,Female,Research & Development,Manager,74484,20,2,3,No,10,1,3,0
45,Male,Human Resources,Manufacturing Director,141814,16,1,2,No,35,4,2,0
35,Male,Research & Development,Human Resources,65432,24,1,3,Yes,18,5,3,0
46,Female,Research & Development,Sales Representative,36140,13,2,1,Yes,12,4,3,0
51,Female,Research & Development,Sales Representative,19929,11,2,1,No,15,6,2,0
50,Female,Research & Development,Manager,32212,6,4,2,No,12,4,2,0
43,Female,Research & Development,Sales Representative,75091,16,4,4,Yes,12,6,3,0
20,Female,Sales,Healthcare Representative,70747,20,2,2,No,13,1,3,0
48,Female,Research & Development,Manager,130320,8,2,2,No,27,2,3,0
33,Male,Human Resources,Manager,31957,1,2,4,No,1,5,2,0
49,Female,Research & Development,Sales Representative,50414,0,3,4,No,15,4,2,0
40,Female,Research & Development,Human Resources,147357,15,2,2,No,7,3,1,0
55,Female,Research & Development,Laboratory Technician,18856,16,4,1,No,26,6,4,0
32,Female,Research & Development,Sales Representative,72281,3,4,3,No,39,5,1,0
57,Male,Sales,Sales Executive,41761,0,2,3,No,31,2,2,0
53,Male,Research & Development,Healthcare Representative,87037,16,1,4,No,10,4,4,0
31,Male,Research & Development,Human Resources,146443,9,1,4,Yes,21,2,4,0
38,Male,Sales,Manager,45656,10,4,3,No,1,2,2,0
40,Male,Sales,Laboratory Technician,64999,6,2,1,Yes,17,5,2,1
50,Female,Research & Development,Manager,75632,17,2,1,No,11,4,2,0
46,Female,Research & Development,Manufacturing Director,122796,18,3,3,No,20,0,3,0
53,Male,Research & Development,Manufacturing Director,147933,1,4,3,No,16,4,1,0
33,Male,Sales,Laboratory Technician,28032,2,2,2,No,27,4,4,0
39,Female,Research & Development,Manager,80972,13,2,2,Yes,22,3,4,1
36,Female,Research & Development,Research Scientist,116600,15,4,3,No,37,2,2,0
56,Female,Research & Development,Manufacturing Director,16191,3,1,2,No,3,4,1,0
30,Male,Research & Development,Human Resources,123824,3,4,1,Yes,37,6,3,0
42,Male,Sales,Sales Representative,47741,17,3,4,Yes,31,0,3,0
23,Female,Human Resources,Manufacturing Director,84983,11,1,2,No,28,4,3,0
53,Male,Sales,Human Resources,147091,2,1,2,No,33,6,1,0
34,Male,Research & Development,Sales Executive,100743,15,3,1,No,2,2,3,0
32,Male,Sales,Human Resources,148524,1,4,2,Yes,9,2,1,0
42,Male,Research & Development,Manufacturing Director,96468,5,1,4,No,1,1,2,0
38,Male,Sales,Research Director,43416,17,3,1,No,32,1,3,0
53,Female,Human Resources,Human Resources,108503,5,4,1,No,14,2,4,0
40,Male,Research & Development,Manager,98060,1,3,1,No,15,5,3,0
39,Female,Research & Development,Manager,56946,23,3,1,Yes,24,1,1,1
22,Female,Sales,Sales Representative,25382,5,1,3,No,17,1,3,1
18,Male,Sales,Laboratory Technician,102508,12,3,2,Yes,25,6,1,0
34,Male,Research & Development,Research Scientist,92954,20,3,4,No,37,6,1,0
59,Female,Research & Development,Manufacturing Director,119439,24,1,2,Yes,13,1,1,0
56,Female,Research & Development,Healthcare Representative,31999,20,2,3,Yes,35,2,4,0
44,Male,Human Resources,Sales Representative,87730,8,4,1,No,21,2,2,0
44,Male,Research & Development,Laboratory Technician,125519,21,4,2,Yes,15,2,3,0
34,Female,Human Resources,Manager,135318,0,1,2,No,36,1,4,0
25,Male,Sales,Sales Executive,141842,8,3,1,No,20,0,4,0
18,Male,Research & Development,Sales Executive,43614,4,3,2,No,5,4,4,0
32,Male,Research & Development,Human Resources,38353,13,3,2,Yes,12,0,1,0
31,Male,Research & Development,Research Director,92761,22,3,2,No,33,4,2,0
26,Female,Human Resources,Research Director,77466,19,4,3,No,21,0,2,0
28,Male,Research & Development,Laboratory Technician,46634,24,2,4,Yes,22,1,4,0
19,Male,Human Resources,Healthcare Representative,28775,3,3,4,No,27,0,2,1
43,Female,Research & Development,Sales Representative,34390,18,3,1,No,8,2,1,0
56,Male,Sales,Laboratory Technician,60783,18,3,3,No,4,2,4,0
47,Male,Research & Development,Sales Representative,114831,11,4,4,No,18,2,2,0
36,Female,Research & Development,Sales Representative,23788,2,1,4,No,36,2,3,0
35,Male,Human Resources,Manufacturing Director,29201,2,4,2,No,5,6,2,0
30,Female,Research & Development,Manufacturing Director,50713,22,3,4,No,29,3,2,0
23,Male,Sales,Laboratory Technician,132955,7,4,4,Yes,39,5,1,0
43,Male,Sales,Research Director,148680,15,2,2,No,4,1,1,1
41,Male,Sales,Human Resources,74422,23,2,4,No,6,3,1,0
18,Female,Research & Development,Human Resources,21021,12,1,3,No,34,0,1,1
35,Male,Sales,Sales Representative,16611,5,4,4,No,5,1,2,0
29,Male,Research & Development,Manufacturing Director,130960,12,4,3,Yes,30,0,1,0
25,Female,Research & Development,Research Director,75044,5,2,4,No,32,0,1,0
47,Male,Research & Development,Laboratory Technician,25456,4,1,4,Yes,13,1,4,0
40,Female,Sales,Human Resources,127512,20,3,4,No,12,1,4,0
44,Male,Research & Development,Laboratory Technician,86414,8,3,2,No,21,2,2,0
47,Female,Sales,Manufacturing Director,62217,17,3,3,Yes,20,5,4,0
59,Male,Human Resources,Sales Executive,76036,18,1,3,No,34,1,1,0
51,Female,Sales,Sales Executive,45384,13,4,4,No,24,4,1,0
44,Male,Sales,Manufacturing Director,140759,13,2,2,No,38,2,2,0
54,Female,Sales,Healthcare Representative,121348,4,3,2,No,10,2,2,0
38,Female,Research & Development,Sales Executive,41871,13,4,3,No,11,6,1,0
59,Male,Sales,Research Director,114211,18,3,4,No,10,3,4,0
49,Male,Research & Development,Research Scientist,39257,4,1,4,Yes,26,1,4,1
45,Male,Research & Development,Human Resources,76193,5,4,1,Yes,2,1,2,0
55,Female,Research & Development,Laboratory Technician,116076,17,3,4,Yes,34,1,2,0
39,Female,Sales,Manufacturing Director,19910,24,4,4,No,31,5,3,0
48,Female,Sales,Research Scientist,112972,9,3,1,No,39,4,4,0
29,Male,Research & Development,Research Director,45503,20,4,1,No,38,1,2,0
58,Female,Sales,Sales Representative,109389,4,4,1,No,3,3,3,0
44,Male,Research & Development,Sales Executive,82387,14,1,4,Yes,30,3,1,1
50,Female,Research & Development,Sales Executive,18527,23,1,4,No,20,0,3,0
37,Male,Research & Development,Manager,117854,11,1,3,No,29,6,4,0
54,Female,Sales,Research Director,50094,12,4,3,Yes,35,5,2,0
21,Female,Research & Development,Sales Executive,143563,3,1,2,No,23,3,3,0
22,Female,Sales,Research Scientist,128385,13,2,4,Yes,1,5,3,0
39,Male,Research & Development,Healthcare Representative,41032,14,4,1,No,34,0,3,0
48,Male,Sales,Sales Executive,96115,24,2,2,No,18,6,3,0
51,Female,Human Resources,Laboratory Technician,63874,5,1,1,Yes,18,4,4,0
36,Male,Research & Development,Sales Executive,96296,9,2,4,No,23,6,1,0
45,Male,Sales,Healthcare Representative,90195,16,1,3,No,36,6,4,0
41,Female,Sales,Sales Representative,54948,23,2,3,Yes,21,4,4,1
58,Female,Research & Development,Manufacturing Director,102939,5,3,4,No,9,2,4,0
45,Female,Sales,Laboratory Technician,50123,17,3,1,No,29,4,2,0
35,Female,Sales,Manufacturing Director,137491,21,3,4,Yes,25,3,3,0
58,Male,Human Resources,Healthcare Representative,142784,15,1,1,No,3,2,2,0
22,Male,Research & Development,Research Scientist,37397,10,4,4,No,21,4,4,0
59,Female,Sales,Research Scientist,113246,5,2,3,Yes,31,6,2,1
24,Male,Research & Development,Research Scientist,140465,7,2,4,No,35,1,2,0
30,Male,Sales,Human Resources,32126,1,3,1,No,12,3,3,0
52,Male,Human Resources,Sales Representative,114850,3,1,4,No,21,5,1,0
48,Female,Sales,Research Scientist,141590,10,2,4,Yes,33,2,2,1
58,Female,Research & Development,Laboratory Technician,45388,3,2,1,Yes,23,2,1,1
49,Male,Research & Development,Manufacturing Director,93619,0,1,3,No,17,0,2,0
44,Male,Sales,Research Scientist,122709,17,4,4,No,8,2,2,0
32,Male,Sales,Research Director,60003,1,2,2,Yes,2,4,1,1
18,Female,Research & Development,Human Resources,47105,3,1,2,No,27,6,4,0
23,Male,Human Resources,Laboratory Technician,68613,14,2,2,No,38,3,2,0
30,Female,Research & Development,Sales Executive,60277,23,4,3,No,24,2,2,0
19,Male,Research & Development,Laboratory Technician,112929,18,3,4,No,31,5,1,0
39,Male,Research & Development,Manager,65075,0,3,3,No,27,1,4,0
50,Male,Research & Development,Research Director,65796,4,4,3,No,14,1,4,0
58,Female,Research & Development,Manufacturing Director,142508,18,1,4,No,21,3,2,0
38,Male,Research & Development,Laboratory Technician,93130,18,3,4,No,11,5,2,0
54,Male,Research & Development,Laboratory Technician,140463,9,2,2,No,9,1,2,0
59,Male,Sales,Sales Executive,110917,23,3,4,No,23,0,4,0
54,Male,Human Resources,Sales Executive,134502,22,4,2,No,26,5,1,0
37,Male,Sales,Manufacturing Director,41375,18,1,3,No,39,4,3,0
31,Female,Sales,Manager,141654,18,1,2,No,10,4,4,0
59,Male,Research & Development,Sales Executive,142472,19,4,4,No,12,2,4,0
28,Male,Research & Development,Research Scientist,20503,3,2,3,Yes,7,0,4,0
35,Male,Sales,Human Resources,63083,17,2,3,Yes,37,2,4,1
21,Female,Sales,Human Resources,70794,23,1,2,No,31,3,1,0
51,Male,Research & Development,Manager,71615,5,2,3,No,13,3,1,0
45,Male,Research & Development,Healthcare Representative,120084,0,1,4,No,38,6,1,0
21,Male,Sales,Manager,109299,9,1,2,No,28,1,3,0
27,Male,Sales,Manufacturing Director,43739,6,1,4,Yes,19,2,2,0
41,Male,Research & Development,Research Scientist,97185,23,1,2,No,15,1,1,0
40,Female,Human Resources,Manufacturing Director,146574,11,4,1,Yes,23,3,3,1
51,Male,Sales,Sales Representative,74416,16,4,3,No,4,5,1,0
29,Male,Human Resources,Manager,140308,24,4,3,No,7,6,2,0
56,Male,Human Resources,Sales Representative,102715,19,1,2,No,37,1,2,1
36,Male,Sales,Manager,139869,18,2,3,No,9,3,4,0
52,Female,Research & Development,Sales Executive,136881,24,2,3,Yes,7,5,3,0
28,Female,Research & Development,Manager,17251,17,3,4,Yes,34,0,3,1
19,Female,Research & Development,Research Director,123038,5,1,4,No,37,4,4,0
20,Male,Research & Development,Manager,40527,18,1,4,Yes,32,0,1,1
33,Female,Research & Development,Manager,126274,8,4,2,No,5,0,2,0
58,Male,Research & Development,Laboratory Technician,124082,8,2,1,Yes,33,0,4,1
20,Female,Research & Development,Research Director,49885,16,4,1,No,11,6,3,0
33,Female,Human Resources,Healthcare Representative,23939,7,1,3,Yes,1,4,1,1
22,Female,Research & Development,Laboratory Technician,71619,0,4,3,No,36,5,1,0
57,Female,Research & Development,Healthcare Representative,55901,24,3,3,No,11,4,1,0
46,Male,Human Resources,Research Scientist,89765,14,4,1,Yes,26,5,1,0
50,Male,Sales,Human Resources,26072,16,3,3,No,3,3,3,0
47,Female,Sales,Sales Representative,20965,20,4,4,Yes,8,5,1,0
45,Male,Research & Development,Laboratory Technician,74014,15,2,3,No,35,0,4,0
50,Female,Human Resources,Research Director,118921,15,2,3,Yes,24,4,3,1
18,Female,Sales,Sales Executive,57521,19,1,1,No,39,5,4,1
54,Female,Research & Development,Manufacturing Director,58667,7,1,2,Yes,8,6,2,0
49,Male,Sales,Manager,37142,20,4,3,No,35,2,4,0
49,Female,Research & Development,Sales Executive,53150,18,2,3,No,35,1,2,0
34,Male,Research & Development,Sales Representative,55334,4,1,3,No,37,5,3,0
51,Male,Sales,Research Director,50004,3,2,3,No,2,0,1,0
34,Male,Human Resources,Manager,61396,21,2,3,Yes,5,5,4,0
20,Female,Sales,Research Scientist,53256,22,3,2,No,21,4,3,0
56,Female,Human Resources,Sales Representative,106910,24,1,3,No,5,4,1,0
27,Female,Sales,Manufacturing Director,60632,2,1,2,No,3,2,4,1
22,Female,Human Resources,Sales Representative,116892,22,3,2,No,32,0,4,0
44,Male,Research & Development,Manager,96651,21,1,2,No,28,4,1,0
27,Male,Sales,Sales Executive,101465,19,2,3,No,33,2,4,0
54,Female,Sales,Sales Executive,93781,12,3,4,No,37,2,3,0
36,Male,Sales,Sales Executive,139586,12,3,3,No,6,1,2,0
18,Male,Research & Development,Sales Executive,49521,10,1,1,No,33,2,3,0
57,Female,Research & Development,Laboratory Technician,147622,0,3,3,No,2,5,4,0
39,Female,Research & Development,Sales Executive,42867,12,1,2,No,15,6,2,1
29,Male,Research & Development,Human Resources,33660,5,1,1,No,12,2,3,0
46,Female,Research & Development,Human Resources,126558,5,1,1,Yes,10,0,1,1
40,Male,Research & Development,Research Scientist,135954,1,3,4,No,29,0,4,0
19,Male,Research & Development,Laboratory Technician,27517,11,3,2,No,5,1,4,0
49,Male,Research & Development,Sales Representative,95971,1,3,1,Yes,32,0,1,0
34,Female,Research & Development,Manager,84231,21,1,1,No,35,4,2,0
47,Male,Human Resources,Manager,44715,22,2,3,Yes,26,4,1,0
55,Male,Research & Development,Human Resources,85275,20,1,4,Yes,4,5,2,0
43,Female,Sales,Manager,107580,7,2,2,No,24,2,2,0
46,Female,Sales,Sales Representative,92508,4,1,1,No,25,5,4,0
28,Female,Research & Development,Healthcare Representative,85167,12,3,2,No,15,1,3,0
27,Female,Research & Development,Healthcare Representative,134562,16,4,3,Yes,15,1,4,0
35,Female,Human Resources,Laboratory Technician,45446,0,4,1,No,19,6,4,0
53,Female,Research & Development,Healthcare Representative,99228,21,1,2,Yes,39,6,3,0
40,Female,Research & Development,Human Resources,57736,10,1,1,No,1,4,1,1
32,Female,Research & Development,Manufacturing Director,146440,20,1,2,Yes,20,4,4,0
50,Male,Sales,Research Scientist,48958,1,4,1,No,13,4,4,0
53,Male,Research & Development,Manager,132632,10,4,1,Yes,22,5,1,0
55,Female,Sales,Research Director,100337,11,1,1,Yes,1,1,1,1
30,Male,Research & Development,Human Resources,43989,1,4,3,No,36,0,4,0
47,Female,Human Resources,Healthcare Representative,117423,17,3,2,No,18,1,2,0
42,Male,Research & Development,Research Director,47559,23,1,4,No,38,2,2,1
36,Female,Human Resources,Laboratory Technician,50412,13,2,2,No,7,1,2,0
34,Male,Research & Development,Manufacturing Director,61544,9,2,1,No,23,3,4,0
22,Female,Research & Development,Manufacturing Director,107034,15,4,1,Yes,27,0,2,0
29,Male,Research & Development,Laboratory Technician,67854,9,1,4,No,32,4,2,0
41,Male,Research & Development,Sales Representative,91833,8,1,3,No,1,4,2,0
55,Male,Sales,Research Director,89654,18,3,2,No,25,0,1,0
54,Female,Sales,Laboratory Technician,41544,14,2,3,No,6,2,1,0
25,Male,Research & Development,Research Scientist,46389,6,2,3,No,17,3,2,0
46,Female,Sales,Research Director,56420,10,4,1,No,3,0,1,0
21,Male,Research & Development,Research Director,45016,20,4,3,Yes,3,4,4,0
46,Male,Research & Development,Human Resources,139029,13,3,1,No,30,5,2,0
32,Female,Human Resources,Laboratory Technician,66487,1,4,1,No,28,2,3,0
36,Male,Sales,Sales Representative,69658,21,4,3,No,35,0,2,0
48,Male,Human Resources,Sales Representative,105723,18,3,2,No,28,3,4,0
35,Female,Sales,Research Director,121390,6,4,1,No,24,6,2,0
51,Female,Research & Development,Research Director,107896,24,1,1,Yes,5,2,1,1
40,Female,Research & Development,Human Resources,89408,23,1,3,No,30,5,2,0
59,Male,Sales,Healthcare Representative,146775,24,4,3,No,9,6,1,0
44,Female,Sales,Sales Executive,136478,9,1,1,No,5,1,3,0
30,Male,Sales,Research Scientist,42326,23,3,2,No,29,4,3,0
50,Female,Research & Development,Research Director,36604,20,2,2,No,23,0,2,0
35,Female,Research & Development,Research Director,68035,21,4,4,Yes,6,3,2,0
40,Male,Sales,Sales Executive,127775,13,3,4,Yes,22,6,3,0
23,Male,Sales,Manufacturing Director,145231,6,1,2,No,27,6,3,1
23,Male,Research & Development,Laboratory Technician,109854,5,2,3,No,20,1,4,0
42,Male,Sales,Laboratory Technician,108151,24,3,4,No,29,4,4,0
25,Male,Research & Development,Manager,46549,12,4,2,Yes,20,0,1,0
59,Female,Human Resources,Healthcare Representative,94957,23,4,1,Yes,14,1,3,0
53,Male,Research & Development,Healthcare Representative,39883,13,4,2,Yes,9,5,1,0
47,Male,Human Resources,Manufacturing Director,87852,13,4,3,No,11,4,2,0
48,Female,Research & Development,Manager,41156,1,4,4,Yes,32,2,3,0
42,Male,Research & Development,Sales Representative,25193,10,3,2,Yes,15,6,3,1
20,Female,Sales,Sales Executive,145584,13,2,1,No,28,5,4,0
34,Female,Sales,Research Scientist,135605,2,3,1,No,15,0,4,1
38,Female,Research & Development,Manufacturing Director,107518,4,4,2,No,21,0,4,0
56,Male,Sales,Manufacturing Director,99443,14,2,1,Yes,24,4,3,0
27,Male,Human Resources,Human Resources,47399,6,4,1,No,19,6,3,0
38,Female,Research & Development,Human Resources,92175,17,3,3,No,30,1,4,0
32,Female,Human Resources,Manager,115991,11,1,4,No,37,3,1,0
23,Male,Research & Development,Sales Executive,87832,10,4,1,Yes,34,5,2,0
22,Female,Research & Development,Sales Executive,53061,2,4,3,Yes,36,6,2,0
33,Female,Research & Development,Healthcare Representative,67908,10,3,3,No,2,4,3,0
21,Male,Sales,Manager,128530,13,1,3,Yes,30,6,2,1
20,Female,Research & Development,Manager,49379,14,1,4,No,29,6,1,0
32,Male,Research & Development,Research Scientist,144789,6,4,4,No,17,5,4,0
26,Female,Human Resources,Research Director,116968,0,1,2,Yes,13,4,3,1
41,Female,Research & Development,Healthcare Representative,135182,23,2,4,Yes,3,6,3,0
18,Female,Sales,Manager,83791,23,3,1,Yes,33,0,4,1
30,Male,Research & Development,Sales Executive,45204,22,1,4,No,33,0,4,0
37,Male,Research & Development,Research Director,19581,7,4,1,Yes,3,3,4,0
58,Female,Sales,Healthcare Representative,87214,15,3,1,No,23,4,2,0
44,Female,Research & Development,Laboratory Technician,68877,3,1,1,Yes,22,6,1,1
54,Female,Sales,Laboratory Technician,30346,22,2,1,No,7,4,2,0
32,Male,Sales,Manufacturing Director,140361,0,2,2,No,22,1,4,0
36,Male,Research & Development,Sales Executive,145985,11,1,3,No,32,6,4,0
35,Female,Sales,Human Resources,65475,21,4,3,No,13,0,1,0
55,Male,Research & Development,Research Director,105186,18,2,1,No,29,0,4,0
58,Female,Sales,Research Director,70786,21,3,2,No,38,5,2,1
58,Male,Research & Development,Manufacturing Director,82069,12,3,1,No,18,6,4,0
49,Male,Sales,Manager,99234,2,1,1,No,5,3,3,0
39,Male,Human Resources,Healthcare Representative,71218,0,3,3,Yes,12,0,1,0
40,Female,Sales,Healthcare Representative,123226,3,2,3,No,6,0,2,0
59,Female,Research & Development,Manager,40561,1,1,1,Yes,14,6,1,1
29,Male,Research & Development,Healthcare Representative,105242,11,2,2,No,26,1,2,0
32,Male,Sales,Sales Representative,147722,1,3,4,Yes,8,4,4,0
55,Female,Research & Development,Sales Executive,129757,4,1,3,Yes,21,2,3,1
34,Male,Research & Development,Research Scientist,21172,10,4,1,No,39,1,3,0
27,Female,Human Resources,Human Resources,30386,18,3,4,No,11,4,3,0
41,Male,Research & Development,Research Director,99879,16,2,1,No,35,5,1,0
31,Male,Sales,Research Director,139819,1,3,2,No,12,3,3,0
55,Male,Research & Development,Manufacturing Director,128943,22,2,3,No,24,3,2,0
56,Female,Research & Development,Healthcare Representative,137029,13,3,3,No,7,3,3,0
30,Male,Sales,Sales Executive,35212,8,1,1,No,11,4,1,0
40,Female,Research & Development,Laboratory Technician,85085,9,3,4,No,34,5,3,0
59,Male,Research & Development,Sales Representative,112994,21,1,1,Yes,23,4,3,1
49,Male,Research & Development,Manufacturing Director,99340,11,1,3,No,23,1,2,0
27,Female,Research & Development,Healthcare Representative,119898,6,2,2,No,20,1,1,0
42,Female,Research & Development,Research Scientist,43729,10,1,4,No,10,4,1,0
44,Male,Sales,Healthcare Representative,76702,1,2,4,Yes,37,4,2,1
45,Male,Research & Development,Sales Representative,75472,3,1,4,Yes,16,2,3,0
19,Male,Sales,Manager,141883,7,1,4,Yes,1,5,4,0
30,Female,Research & Development,Manager,42364,5,1,3,No,36,2,3,1
53,Male,Research & Development,Human Resources,59060,8,4,1,No,2,2,2,0
28,Male,Research & Development,Laboratory Technician,17966,1,3,3,No,35,3,2,0
30,Male,Sales,Laboratory Technician,35486,15,1,2,Yes,11,1,1,1
31,Female,Sales,Manager,147421,2,1,3,No,3,4,1,1
25,Male,Research & Development,Healthcare Representative,129436,5,4,1,No,9,6,1,0
24,Female,Research & Development,Human Resources,49984,24,3,3,No,26,6,4,0
32,Male,Human Resources,Sales Executive,109779,0,4,2,No,22,3,1,1
54,Male,Research & Development,Research Scientist,95069,6,1,3,Yes,6,1,4,1
18,Male,Human Resources,Manufacturing Director,137388,12,2,2,No,12,3,3,0
29,Male,Sales,Healthcare Representative,55533,7,1,2,No,9,0,3,0
20,Male,Research & Development,Human Resources,149237,8,2,1,Yes,26,4,4,0
41,Female,Sales,Healthcare Representative,65033,3,1,4,No,34,3,4,0
28,Male,Research & Development,Manufacturing Director,111775,10,1,1,No,10,0,1,0
51,Female,Sales,Research Scientist,68697,18,3,1,No,35,3,4,0
42,Male,Sales,Manufacturing Director,105657,14,4,2,Yes,16,5,1,1
50,Male,Research & Development,Healthcare Representative,60231,23,3,1,Yes,4,1,3,0
44,Male,Research & Development,Manager,128844,17,4,4,No,13,2,3,0
36,Male,Sales,Manager,101048,19,4,2,Yes,35,6,1,0
54,Female,Sales,Manufacturing Director,53984,10,4,1,No,32,4,3,0
38,Male,Research & Development,Research Scientist,144726,15,1,2,No,29,5,3,0
57,Female,Research & Development,Research Scientist,110738,14,2,1,No,16,3,4,0
59,Female,Sales,Research Scientist,72865,20,3,3,No,31,3,4,0
42,Female,Research & Development,Manager,33344,12,4,2,No,28,3,2,0
46,Male,Sales,Research Director,146399,10,4,1,Yes,31,3,3,0
28,Male,Research & Development,Research Director,116924,1,3,4,Yes,22,1,4,0
52,Female,Research & Development,Laboratory Technician,105152,21,2,3,No,20,0,1,0
46,Male,Sales,Sales Executive,127470,10,2,2,No,38,5,3,0
55,Male,Sales,Manager,96963,19,1,3,No,37,3,4,0
29,Female,Sales,Sales Executive,46320,16,2,3,No,21,3,1,0
51,Female,Sales,Manager,47009,0,1,1,No,8,4,4,0
37,Female,Research & Development,Manufacturing Director,25675,16,4,4,Yes,16,2,1,0
25,Male,Human Resources,Research Director,23494,12,1,2,Yes,20,6,2,0
25,Female,Research & Development,Manager,113371,5,2,1,No,27,3,4,1
41,Male,Research & Development,Sales Representative,130011,6,4,3,Yes,13,3,4,0
31,Female,Research & Development,Manufacturing Director,37129,15,4,4,No,2,3,3,0
22,Female,Research & Development,Research Director,92487,2,2,3,Yes,33,1,3,1
35,Female,Research & Development,Healthcare Representative,31728,15,2,2,No,38,1,2,0
45,Female,Sales,Manager,70945,21,3,2,Yes,4,1,4,1
31,Male,Sales,Manufacturing Director,121749,2,4,3,No,13,1,3,0
58,Male,Research & Development,Healthcare Representative,124615,0,4,1,Yes,17,1,4,1
50,Male,Sales,Research Director,143081,1,3,4,No,30,1,3,1
39,Male,Research & Development,Manufacturing Director,56928,18,2,2,No,31,6,1,0
57,Female,Human Resources,Sales Executive,143079,21,2,1,No,14,2,3,0
36,Male,Human Resources,Manufacturing Director,120788,24,3,1,Yes,13,5,4,1
23,Female,Sales,Manufacturing Director,60714,0,4,3,No,16,2,4,0
19,Male,Research & Development,Manufacturing Director,59275,12,1,1,No,10,5,2,0
57,Male,Research & Development,Sales Executive,29520,1,4,4,Yes,18,5,1,0
58,Male,Research & Development,Research Scientist,139318,9,2,4,No,11,5,4,0
49,Female,Research & Development,Laboratory Technician,42446,7,1,1,No,3,2,4,0
22,Female,Sales,Manufacturing Director,51175,15,1,1,No,28,0,4,1
30,Female,Research & Development,Sales Executive,70744,22,2,4,No,31,2,3,0
19,Male,Human Resources,Manufacturing Director,33569,20,1,1,No,12,4,4,0
20,Male,Research & Development,Laboratory Technician,123806,1,1,2,No,16,4,2,1
28,Female,Research & Development,Sales Executive,109243,6,2,4,No,16,4,4,0
42,Female,Research & Development,Laboratory Technician,36144,6,4,1,No,1,6,2,0
20,Male,Research & Development,Laboratory Technician,36984,6,3,3,No,22,1,4,0
59,Female,Sales,Research Scientist,17969,8,1,2,Yes,18,3,1,1
37,Male,Research & Development,Sales Representative,143164,15,3,2,No,37,3,2,1
29,Male,Sales,Sales Executive,73830,18,2,4,No,15,1,1,0
39,Female,Research & Development,Manager,103499,23,3,3,Yes,31,4,2,0
51,Male,Research & Development,Manager,35246,17,1,2,Yes,16,0,4,1
31,Male,Research & Development,Research Director,46166,7,1,4,Yes,8,6,1,0
19,Female,Research & Development,Healthcare Representative,88101,4,2,3,Yes,14,0,3,1
20,Female,Human Resources,Healthcare Representative,43190,9,4,1,No,35,0,4,0
53,Male,Sales,Sales Representative,97745,19,3,2,No,10,1,3,0
22,Male,Sales,Research Director,139723,24,1,1,No,33,6,3,0
44,Female,Sales,Research Scientist,56188,9,4,3,No,26,6,1,0
34,Female,Research & Development,Research Director,97060,4,4,4,No,30,6,3,0
50,Female,Human Resources,Healthcare Representative,138615,0,3,1,No,30,5,1,0
20,Female,Sales,Sales Executive,135654,1,3,4,No,21,6,1,0
55,Male,Human Resources,Manager,16042,15,1,4,No,24,3,4,0
47,Female,Sales,Human Resources,29880,14,3,4,No,3,0,3,0
36,Male,Research & Development,Research Scientist,148136,16,4,3,No,28,3,4,0
26,Male,Sales,Sales Executive,139927,0,2,2,No,28,1,2,0
59,Female,Research & Development,Human Resources,58457,10,1,1,Yes,5,1,2,1
30,Male,Research & Development,Manager,85206,4,4,4,No,21,4,4,0
38,Female,Research & Development,Research Scientist,92327,8,3,2,No,20,1,3,0
34,Male,Sales,Research Director,105236,15,3,2,No,13,2,4,0
27,Female,Research & Development,Manufacturing Director,116301,6,3,3,No,3,2,1,0
35,Female,Human Resources,Laboratory Technician,65338,16,1,3,No,1,0,3,0
24,Male,Research & Development,Laboratory Technician,135140,7,1,4,Yes,9,4,4,0
18,Male,Research & Development,Manager,22983,12,4,4,No,10,5,4,0
30,Female,Research & Development,Research Scientist,19378,11,4,4,No,9,3,3,0
22,Male,Sales,Manufacturing Director,144326,9,1,1,No,24,0,1,1
35,Male,Human Resources,Laboratory Technician,38918,3,3,1,No,17,5,3,0
54,Male,Sales,Sales Executive,149270,14,3,1,No,5,3,1,0
24,Female,Research & Development,Sales Representative,53604,24,2,3,No,4,1,4,0
18,Male,Sales,Sales Executive,64213,16,3,3,No,26,6,3,0
22,Female,Sales,Human Resources,18777,18,4,4,No,37,6,1,0
39,Male,Research & Development,Sales Executive,142422,20,4,4,No,32,3,3,0
29,Male,Research & Development,Manufacturing Director,63505,0,1,4,No,30,3,3,0
38,Male,Human Resources,Sales Executive,37643,19,2,1,Yes,13,6,1,0
19,Female,Human Resources,Manufacturing Director,80250,6,4,3,Yes,28,1,1,0
31,Male,Sales,Manager,35882,16,1,4,No,4,2,1,0
35,Male,Sales,Sales Executive,121619,24,4,4,No,7,3,1,0
36,Female,Research & Development,Healthcare Representative,24870,22,2,2,No,6,2,3,0
41,Male,Research & Development,Sales Representative,82394,10,3,4,No,8,2,4,0
50,Male,Research & Development,Healthcare Representative,67821,20,2,2,Yes,14,0,1,1
37,Male,Human Resources,Research Scientist,20019,15,4,1,No,2,1,3,0
53,Male,Research & Development,Sales Representative,22060,3,3,2,No,32,2,2,0
40,Female,Sales,Research Scientist,85019,5,3,2,No,28,5,4,0
28,Female,Research & Development,Sales Executive,68278,23,2,4,Yes,25,2,2,0
27,Female,Research & Development,Manufacturing Director,32515,22,1,1,No,7,1,3,0
31,Female,Research & Development,Laboratory Technician,33682,22,4,1,No,34,5,4,0
43,Male,Sales,Sales Executive,123651,9,2,3,No,1,2,1,0
28,Male,Research & Development,Sales Representative,113621,8,1,3,Yes,39,6,2,0
56,Male,Research & Development,Manager,97051,20,4,3,No,29,0,2,0
38,Female,Sales,Human Resources,127503,0,1,1,No,8,0,1,1
54,Male,Research & Development,Healthcare Representative,24356,22,3,2,No,8,6,3,0
46,Female,Research & Development,Manufacturing Director,107855,15,2,4,No,28,0,1,0
32,Male,Research & Development,Research Director,116591,15,4,1,Yes,32,0,2,1
27,Female,Research & Development,Sales Executive,42066,10,1,4,No,19,4,1,0
49,Male,Human Resources,Manufacturing Director,87409,24,4,1,No,3,2,3,0
31,Female,Sales,Research Director,118524,18,1,1,No,20,3,4,1
28,Female,Sales,Laboratory Technician,96468,1,4,4,No,19,2,2,0
57,Female,Research & Development,Research Director,48682,13,2,2,No,13,2,2,0
38,Male,Research & Development,Laboratory Technician,104741,21,1,3,No,36,3,2,0
20,Male,Sales,Manufacturing Director,117530,1,2,2,No,14,1,1,1
38,Female,Research & Development,Human Resources,16310,18,1,3,Yes,10,1,2,0
37,Male,Sales,Laboratory Technician,91598,6,2,2,No,27,1,4,0
54,Female,Sales,Human Resources,83122,12,3,2,No,25,0,1,0
47,Female,Research & Development,Sales Executive,64506,22,3,4,No,25,3,4,0
26,Female,Research & Development,Laboratory Technician,20972,12,3,3,No,20,3,1,0
24,Female,Human Resources,Manager,26271,0,4,3,No,13,0,1,0
43,Female,Research & Development,Manager,116272,0,2,4,No,11,3,2,0
19,Male,Research & Development,Human Resources,126713,18,3,2,No,5,5,2,0
31,Male,Research & Development,Human Resources,71599,23,1,4,Yes,8,0,2,0
23,Male,Research & Development,Sales Representative,141853,7,2,3,No,23,2,4,0
18,Male,Sales,Manager,140234,23,3,4,No,16,6,4,0
56,Female,Research & Development,Laboratory Technician,104898,11,1,2,No,29,2,3,0
21,Male,Research & Development,Research Director,93424,1,2,3,No,32,0,1,1
18,Male,Research & Development,Manager,145213,13,1,1,No,22,3,4,0
57,Female,Research & Development,Sales Executive,97322,24,4,1,Yes,5,2,4,0
25,Female,Research & Development,Research Director,141105,6,3,1,Yes,1,1,1,0
52,Male,Research & Development,Manufacturing Director,147162,24,3,3,No,9,0,2,0
19,Female,Sales,Healthcare Representative,41272,16,3,2,Yes,12,6,4,0
24,Male,Research & Development,Healthcare Representative,104191,9,1,2,No,3,5,1,0
22,Female,Human Resources,Research Director,113713,17,1,3,Yes,31,4,1,0
47,Female,Sales,Laboratory Technician,125711,10,2,2,No,15,0,3,0
44,Female,Research & Development,Manufacturing Director,62156,2,1,1,No,29,6,2,1
37,Female,Sales,Sales Executive,131316,21,2,3,No,9,3,2,0
28,Female,Sales,Manufacturing Director,80814,9,2,3,No,1,3,4,0
21,Female,Human Resources,Sales Executive,67222,14,4,1,Yes,6,6,3,0
41,Female,Research & Development,Manager,36190,18,2,2,No,19,3,3,0
27,Male,Research & Development,Human Resources,58362,2,1,1,No,19,1,1,0
42,Female,Sales,Healthcare Representative,146595,18,4,3,No,18,1,1,0
46,Female,Human Resources,Human Resources,111686,9,1,1,Yes,38,6,2,0
53,Female,Sales,Human Resources,113028,13,1,1,No,26,3,1,1
38,Female,Research & Development,Sales Executive,135912,11,2,2,No,29,4,2,1
18,Female,Sales,Healthcare Representative,51032,19,1,2,No,5,4,4,0
29,Male,Sales,Healthcare Representative,104309,4,4,4,No,19,1,1,0
53,Male,Research & Development,Manufacturing Director,65148,2,2,1,No,25,2,1,0
40,Male,Sales,Research Director,129478,10,4,4,No,23,6,1,0
44,Female,Research & Development,Manufacturing Director,72035,2,1,2,No,37,1,2,0
37,Female,Sales,Sales Executive,130408,6,3,2,No,19,6,1,0
24,Male,Research & Development,Healthcare Representative,115917,16,1,1,No,15,1,1,1
55,Male,Research & Development,Research Scientist,119213,20,1,2,No,37,2,3,0
50,Female,Research & Development,Manufacturing Director,139969,17,2,2,No,14,0,1,1
59,Female,Sales,Healthcare Representative,121734,7,4,3,No,23,4,1,0
53,Female,Research & Development,Sales Representative,58394,20,2,4,Yes,2,2,4,0
30,Male,Human Resources,Laboratory Technician,85404,10,4,3,Yes,7,3,1,0
28,Male,Sales,Manufacturing Director,78787,4,1,1,No,3,4,1,0
28,Male,Sales,Sales Executive,23718,18,2,2,No,17,4,1,0
56,Male,Research & Development,Manufacturing Director,95083,12,3,3,Yes,37,6,3,0
41,Female,Sales,Manager,74052,9,2,3,No,3,3,3,0
37,Male,Research & Development,Manager,68101,16,3,3,No,39,1,3,0
58,Female,Research & Development,Laboratory Technician,29798,18,3,3,No,34,4,3,0
43,Female,Sales,Sales Executive,83064,5,1,3,No,1,0,1,0
56,Male,Research & Development,Manager,93170,2,3,4,Yes,1,5,2,0
59,Male,Research & Development,Manager,29270,12,4,3,No,36,2,3,0
21,Female,Research & Development,Sales Executive,100716,1,4,3,Yes,23,5,3,0
33,Male,Human Resources,Healthcare Representative,37636,15,2,2,No,7,1,2,0
48,Male,Sales,Sales Executive,34575,10,2,2,Yes,38,2,4,1
52,Female,Research & Development,Healthcare Representative,69148,5,4,3,No,22,4,4,0
24,Female,Research & Development,Manager,67526,14,4,4,No,25,4,4,0
31,Female,Sales,Sales Representative,138516,9,4,4,No,27,0,4,0
41,Male,Research & Development,Sales Representative,24135,9,4,3,No,8,0,4,0
51,Male,Sales,Sales Representative,62163,5,2,4,No,15,6,4,0
22,Male,Research & Development,Laboratory Technician,114160,16,1,1,No,6,3,3,0
43,Male,Sales,Research Director,48722,22,1,2,Yes,21,5,2,0
30,Male,Research & Development,Manufacturing Director,147511,15,2,1,No,39,0,2,0
27,Female,Research & Development,Manufacturing Director,115286,5,4,3,No,25,3,4,0
39,Male,Research & Development,Research Director,142721,20,2,4,No,27,4,2,0
35,Female,Human Resources,Laboratory Technician,143132,3,2,1,No,8,6,3,0
44,Female,Research & Development,Sales Executive,29737,7,4,1,No,22,4,3,0
31,Female,Research & Development,Sales Representative,76981,0,1,2,No,39,4,2,1
52,Male,Research & Development,Manager,115518,21,3,4,Yes,4,2,2,0
21,Male,Human Resources,Manager,16161,1,3,1,No,8,6,1,0
54,Female,Research & Development,Research Scientist,76025,13,4,4,Yes,29,2,3,0
19,Male,Human Resources,Manager,107900,4,2,1,No,1,1,1,0
48,Female,Sales,Research Scientist,122039,5,3,2,No,9,5,1,0
32,Male,Research & Development,Healthcare Representative,71033,15,4,3,No,37,6,2,0
34,Male,Research & Development,Healthcare Representative,131507,20,4,3,Yes,1,5,3,0
18,Female,Sales,Sales Representative,105942,0,3,4,No,17,1,2,0
47,Female,Sales,Human Resources,21141,3,3,1,No,13,5,4,0
24,Male,Human Resources,Research Scientist,52491,7,4,1,No,16,2,4,0
45,Female,Research & Development,Research Scientist,141618,23,4,2,No,11,1,2,0
48,Male,Sales,Manager,15325,1,3,3,No,11,6,4,0
53,Female,Research & Development,Human Resources,29584,4,2,2,No,30,6,1,0
47,Female,Research & Development,Research Scientist,61506,10,3,3,Yes,2,2,1,0
30,Female,Research & Development,Healthcare Representative,149164,8,1,2,No,6,0,2,0
49,Female,Human Resources,Manufacturing Director,110146,1,3,4,No,11,1,4,0
52,Male,Human Resources,Laboratory Technician,34934,13,2,1,No,33,3,3,0
31,Female,Research & Development,Manager,68070,15,4,3,Yes,16,0,3,0
23,Male,Research & Development,Laboratory Technician,141838,4,3,3,No,2,1,3,1
55,Male,Research & Development,Healthcare Representative,44588,17,4,1,No,21,1,2,0
24,Male,Human Resources,Research Director,92690,1,4,3,No,25,6,4,0
42,Male,Sales,Manufacturing Director,77640,18,4,1,Yes,18,2,4,0
27,Female,Sales,Sales Executive,117662,6,1,3,No,4,2,2,0
23,Male,Human Resources,Research Director,116567,5,4,3,No,35,2,3,0
50,Male,Human Resources,Laboratory Technician,127493,4,2,1,Yes,34,0,3,1
24,Male,Research & Development,Sales Representative,31123,21,3,1,No,36,3,3,1
46,Female,Research & Development,Sales Representative,76268,12,2,2,No,38,6,1,0
47,Female,Research & Development,Healthcare Representative,108386,17,2,4,No,13,5,1,0
20,Female,Research & Development,Sales Executive,71564,5,4,1,Yes,17,1,4,0
25,Male,Sales,Human Resources,105091,1,4,4,No,38,0,1,0
51,Male,Sales,Sales Representative,100828,0,3,3,Yes,18,5,3,1
39,Female,Research & Development,Manufacturing Director,65049,11,1,4,No,34,5,4,0
23,Female,Research & Development,Research Director,28517,8,1,4,No,26,6,3,0
59,Female,Research & Development,Research Director,145995,19,1,2,No,37,4,1,0
29,Female,Sales,Sales Representative,126509,19,4,3,Yes,1,3,4,0
18,Female,Human Resources,Research Scientist,135785,7,2,3,No,28,5,1,0
56,Female,Research & Development,Manager,55476,10,1,1,Yes,32,4,3,1
18,Male,Human Resources,Laboratory Technician,57681,9,3,3,No,8,5,2,0
41,Male,Sales,Sales Executive,58664,16,4,2,No,29,1,3,0
59,Male,Research & Development,Manufacturing Director,19197,15,3,1,No,8,6,2,0
42,Male,Research & Development,Sales Executive,37910,16,2,4,No,36,0,3,0
42,Male,Research & Development,Sales Executive,56621,1,1,2,Yes,36,0,2,1
34,Female,Sales,Sales Representative,148295,8,4,4,Yes,1,4,3,0
23,Male,Sales,Healthcare Representative,42637,24,1,1,No,20,4,4,1
42,Male,Sales,Manufacturing Director,83554,8,4,3,No,15,3,4,0
55,Male,Research & Development,Research Scientist,88879,4,1,2,Yes,35,6,2,1
21,Male,Research & Development,Sales Representative,63573,4,1,4,No,13,6,4,0
54,Male,Sales,Manager,139030,0,2,4,No,29,5,4,1
35,Male,Research & Development,Manager,27585,19,1,4,No,5,1,3,0
40,Female,Sales,Research Scientist,132495,0,1,4,No,9,0,3,0
24,Female,Research & Development,Research Scientist,115402,14,1,4,Yes,39,0,1,0
44,Male,Research & Development,Research Scientist,56286,9,3,2,Yes,16,4,3,0
25,Female,Sales,Sales Executive,118642,2,4,4,No,30,4,1,0
29,Female,Sales,Human Resources,72860,22,1,3,No,38,5,1,0
48,Female,Sales,Manufacturing Director,146039,18,3,2,No,38,0,4,0
20,Male,Sales,Manager,19933,20,2,1,No,1,1,2,0
36,Female,Research & Development,Human Resources,19015,23,2,3,Yes,10,2,3,1
42,Male,Sales,Human Resources,88462,22,2,2,No,28,4,4,0
23,Male,Sales,Laboratory Technician,140747,17,4,3,No,37,0,3,0
30,Male,Human Resources,Healthcare Representative,23554,13,3,1,Yes,39,5,4,0
32,Female,Human Resources,Healthcare Representative,120019,17,3,3,No,29,0,4,0
45,Male,Sales,Sales Executive,141711,11,4,3,No,5,3,2,0
59,Male,Research & Development,Sales Representative,80660,4,3,3,No,29,6,4,0
53,Male,Research & Development,Manager,132036,9,1,3,No,11,1,4,0
25,Male,Research & Development,Manufacturing Director,117186,11,1,4,Yes,32,4,2,1
18,Female,Research & Development,Manager,43915,1,2,4,No,22,3,4,0
20,Male,Sales,Sales Representative,130314,21,1,2,No,8,5,1,0
43,Male,Sales,Sales Executive,109414,22,3,4,Yes,33,4,1,0
24,Male,Research & Development,Manager,16698,10,2,4,No,39,5,3,0
27,Male,Human Resources,Research Director,91682,12,1,1,No,20,2,3,0
53,Male,Human Resources,Sales Representative,103340,21,2,2,No,32,1,3,0
54,Female,Sales,Manager,123183,11,4,3,No,3,4,4,0
53,Male,Research & Development,Sales Executive,119122,17,4,3,No,11,6,2,0
28,Male,Sales,Sales Representative,79213,12,4,1,Yes,5,3,4,1
44,Female,Research & Development,Sales Representative,55363,6,4,2,Yes,12,5,4,0
43,Female,Human Resources,Healthcare Representative,40889,19,3,2,Yes,15,6,1,1
25,Male,Research & Development,Manager,27015,4,4,3,No,17,4,2,0
41,Male,Sales,Manager,101378,5,4,3,No,13,5,1,0
40,Male,Research & Development,Research Scientist,144568,17,3,1,No,22,3,3,0
34,Female,Research & Development,Laboratory Technician,25837,17,2,1,Yes,9,5,2,1
49,Male,Research & Development,Research Director,109865,23,4,2,Yes,14,2,2,0
46,Male,Research & Development,Human Resources,93919,17,2,1,No,33,3,2,0
40,Female,Human Resources,Laboratory Technician,38204,0,1,4,Yes,22,0,2,0
48,Male,Sales,Manufacturing Director,43715,21,1,2,No,2,1,1,1
50,Male,Sales,Human Resources,53400,10,3,3,No,13,4,1,0
41,Female,Research & Development,Research Scientist,107466,0,1,1,No,33,5,3,0
29,Male,Sales,Laboratory Technician,55319,14,1,2,No,8,0,4,0
49,Female,Sales,Sales Executive,126785,4,1,4,No,36,0,3,0
48,Female,Research & Development,Laboratory Technician,64916,10,3,3,Yes,12,0,4,0
59,Male,Sales,Manager,29785,11,2,2,No,25,3,1,1
24,Female,Sales,Manufacturing Director,27889,1,3,3,Yes,19,2,4,1
35,Female,Sales,Human Resources,69036,21,3,3,Yes,25,0,3,0
56,Female,Sales,Human Resources,70066,12,4,1,No,32,5,3,0
39,Male,Human Resources,Human Resources,114025,24,1,4,Yes,6,3,1,0
57,Male,Human Resources,Sales Representative,79607,11,2,4,No,14,0,3,0
18,Male,Sales,Sales Representative,37099,14,3,3,No,23,4,2,0
19,Female,Research & Development,Healthcare Representative,43793,20,2,1,No,11,6,4,0
51,Male,Research & Development,Human Resources,91480,5,1,2,No,15,2,4,0
33,Female,Human Resources,Sales Executive,60112,22,1,3,No,35,6,4,0
39,Female,Research & Development,Sales Representative,105698,4,2,4,No,9,2,4,0
35,Female,Sales,Research Scientist,139607,24,2,3,Yes,8,0,3,1
35,Male,Research & Development,Manufacturing Director,62897,15,1,1,No,23,0,1,1
57,Male,Human Resources,Laboratory Technician,89503,12,2,3,Yes,4,0,2,0
21,Female,Research & Development,Manager,127317,5,3,1,Yes,1,2,4,0
50,Male,Research & Development,Research Director,43397,14,4,2,Yes,34,2,3,0
55,Male,Sales,Sales Executive,83938,13,3,3,No,11,3,4,0
45,Female,Research & Development,Manager,56208,24,1,3,No,5,3,4,0
34,Female,Human Resources,Research Scientist,99644,20,3,2,No,26,6,3,0
24,Female,Research & Development,Sales Executive,115316,12,1,2,No,19,0,1,0
46,Female,Research & Development,Manufacturing Director,34017,9,1,4,No,18,6,4,0
37,Male,Research & Development,Manager,40307,9,3,3,No,18,1,1,0
24,Male,Research & Development,Research Scientist,18126,9,2,1,Yes,6,6,1,0
33,Male,Research & Development,Manufacturing Director,16627,0,2,3,Yes,34,0,1,1
58,Male,Research & Development,Human Resources,21851,0,4,3,No,1,0,1,1
29,Female,Human Resources,Manufacturing Director,110419,18,1,3,Yes,19,0,2,1
25,Male,Research & Development,Human Resources,137029,6,1,3,No,11,2,4,0
46,Female,Research & Development,Research Director,70310,10,3,1,No,26,6,4,0
26,Female,Research & Development,Manufacturing Director,134156,17,2,4,No,22,3,2,0
56,Female,Sales,Manager,113507,15,4,4,Yes,16,1,2,0
54,Male,Sales,Sales Representative,124024,9,1,1,No,21,4,2,0
59,Male,Sales,Healthcare Representative,114885,18,2,1,No,9,3,4,0
56,Female,Research & Development,Manufacturing Director,41947,3,1,1,No,6,4,1,0
28,Female,Sales,Laboratory Technician,85654,11,1,4,No,36,5,1,1
26,Male,Research & Development,Research Scientist,85936,2,2,4,No,24,5,1,0
32,Male,Research & Development,Sales Executive,101617,13,3,2,No,26,1,4,0
37,Female,Sales,Manufacturing Director,122475,2,1,3,Yes,39,3,1,0
54,Female,Research & Development,Research Director,30207,23,4,1,No,36,4,4,0
48,Male,Human Resources,Laboratory Technician,106080,16,3,1,No,23,3,1,0
45,Male,Research & Development,Research Scientist,127459,6,2,1,Yes,31,6,3,1
54,Female,Sales,Laboratory Technician,30595,15,4,1,No,21,6,4,0
45,Female,Research & Development,Manager,71019,8,2,4,No,10,5,1,0
33,Female,Research & Development,Research Scientist,135898,12,1,4,No,25,1,2,0
35,Male,Research & Development,Research Scientist,18290,4,4,1,Yes,36,3,3,1
39,Male,Sales,Research Scientist,36692,12,1,3,No,35,5,4,0
21,Female,Research & Development,Laboratory Technician,123529,2,4,1,Yes,20,1,4,1
49,Female,Research & Development,Research Scientist,38192,3,4,3,No,37,4,1,0
45,Female,Sales,Research Director,109767,14,4,4,No,8,1,4,0
48,Male,Research & Development,Human Resources,136636,12,2,4,No,2,0,2,1
40,Male,Sales,Manufacturing Director,82307,7,3,4,No,16,1,3,0
50,Male,Research & Development,Sales Executive,80423,1,4,1,No,8,6,4,0
57,Male,Research & Development,Sales Executive,72881,10,1,1,No,38,6,4,1
41,Female,Sales,Laboratory Technician,65340,23,2,1,No,5,5,1,0
36,Male,Research & Development,Healthcare Representative,66307,17,2,1,Yes,21,1,2,1
22,Female,Research & Development,Healthcare Representative,89743,1,3,3,No,31,5,2,0
50,Female,Research & Development,Laboratory Technician,135898,23,3,3,No,5,1,3,0
55,Female,Human Resources,Manufacturing Director,147488,10,4,4,No,2,0,4,0
47,Female,Research & Development,Laboratory Technician,131892,14,2,1,Yes,22,1,2,0
54,Male,Sales,Healthcare Representative,31150,0,1,2,No,36,0,1,1
54,Female,Human Resources,Sales Representative,56413,7,1,3,Yes,1,4,1,1
51,Male,Research & Development,Sales Executive,117188,19,4,3,No,1,4,1,0
39,Male,Research & Development,Healthcare Representative,88646,8,2,2,No,37,0,2,0
22,Male,Sales,Manager,60133,4,3,1,No,24,0,4,1
18,Male,Sales,Sales Representative,57010,2,3,2,No,28,3,2,0
26,Female,Research & Development,Manager,30801,23,4,1,Yes,11,0,2,0
36,Male,Sales,Healthcare Representative,59876,20,1,3,No,13,5,3,1
49,Male,Sales,Sales Representative,71961,1,1,4,No,19,2,3,0
37,Male,Research & Development,Manufacturing Director,71149,23,3,1,Yes,9,2,2,1
18,Male,Sales,Manager,89081,20,2,1,No,18,0,1,1
26,Female,Sales,Laboratory Technician,51853,8,4,3,No,38,4,1,0
59,Male,Sales,Manufacturing Director,42804,16,1,1,No,30,5,1,0
59,Female,Research & Development,Research Scientist,134814,6,2,4,No,34,5,1,0
33,Male,Research & Development,Manufacturing Director,69711,6,4,4,Yes,20,3,2,0
51,Female,Human Resources,Research Scientist,49391,17,4,2,No,31,1,3,0
48,Male,Sales,Laboratory Technician,100816,5,1,2,Yes,17,0,3,1
57,Male,Sales,Manufacturing Director,88212,8,4,2,No,25,2,4,0
55,Male,Research & Development,Healthcare Representative,92820,8,1,2,Yes,29,3,2,0
44,Female,Research & Development,Human Resources,44904,3,1,4,No,33,0,3,0
34,Female,Research & Development,Sales Executive,112626,20,4,4,Yes,37,0,4,0
44,Male,Human Resources,Human Resources,40959,16,1,1,Yes,5,1,1,1
31,Female,Research & Development,Laboratory Technician,127914,21,2,1,Yes,31,0,4,1
32,Female,Research & Development,Sales Representative,72246,13,1,3,No,28,0,1,0
43,Male,Human Resources,Sales Representative,70233,4,3,3,Yes,29,3,3,1
41,Male,Sales,Human Resources,67446,6,1,3,Yes,1,5,4,0
42,Female,Human Resources,Sales Executive,72100,8,2,2,Yes,20,3,2,0
34,Female,Research & Development,Human Resources,104817,23,2,2,No,38,0,3,0
35,Female,Research & Development,Sales Executive,82053,5,3,1,No,36,2,3,0
18,Male,Human Resources,Research Director,32119,17,2,2,No,10,0,3,0
43,Male,Research & Development,Manager,91457,3,1,3,Yes,19,4,3,1
42,Male,Research & Development,Healthcare Representative,51045,23,2,2,Yes,34,1,4,0
57,Male,Sales,Manufacturing Director,29623,16,2,2,Yes,37,2,1,1
39,Female,Research & Development,Sales Executive,128390,10,2,2,No,13,6,2,0
37,Male,Research & Development,Research Director,57205,8,3,4,Yes,32,4,4,0
20,Male,Sales,Sales Representative,95330,8,2,3,Yes,33,5,2,1
26,Male,Research & Development,Human Resources,38205,5,2,4,Yes,6,2,2,0
32,Male,Research & Development,Sales Representative,60806,14,4,1,No,2,6,3,0
33,Female,Research & Development,Human Resources,67090,21,2,4,No,2,5,4,0
33,Male,Sales,Research Director,33076,6,2,1,Yes,6,3,2,0
34,Female,Research & Development,Manufacturing Director,146402,18,1,2,No,29,4,4,0
50,Male,Sales,Sales Representative,57066,14,3,2,No,16,4,3,0
23,Male,Sales,Laboratory Technician,93668,19,3,1,No,27,1,1,0
31,Male,Research & Development,Research Director,91345,19,3,4,Yes,4,1,4,0
24,Female,Sales,Manager,72966,0,1,4,No,24,4,2,0
30,Male,Sales,Manufacturing Director,94057,0,2,3,No,30,3,2,0
46,Male,Research & Development,Manager,91401,22,2,2,No,39,5,3,0
19,Female,Research & Development,Laboratory Technician,25808,3,4,4,No,13,3,3,0
32,Female,Human Resources,Manager,105325,14,2,3,Yes,22,0,3,1
18,Male,Human Resources,Healthcare Representative,30418,18,2,2,No,19,4,1,1
58,Female,Research & Development,Laboratory Technician,73718,12,2,4,No,14,4,4,0
48,Female,Human Resources,Human Resources,64236,0,4,1,Yes,25,2,2,1
28,Male,Human Resources,Sales Executive,75440,0,3,2,Yes,23,5,1,0
26,Female,Research & Development,Sales Representative,24706,16,4,1,No,33,2,3,0
22,Male,Research & Development,Research Scientist,109689,22,2,1,Yes,2,0,3,0
37,Male,Sales,Laboratory Technician,71506,8,4,1,No,9,0,1,1
49,Female,Research & Development,Research Scientist,23216,13,4,3,No,23,6,4,0
42,Male,Research & Development,Sales Executive,15476,23,3,4,No,23,2,3,0
55,Female,Sales,Research Scientist,87910,20,3,3,Yes,36,2,4,0
32,Female,Sales,Research Director,104944,13,4,2,No,27,2,3,0
29,Male,Human Resources,Human Resources,88889,16,4,2,No,1,5,1,0
38,Male,Research & Development,Manager,112260,24,2,1,No,20,4,1,0
26,Male,Sales,Sales Executive,117161,19,3,3,Yes,33,6,4,0
58,Female,Sales,Research Director,132715,10,2,1,Yes,35,6,3,1
25,Male,Research & Development,Manager,147657,17,1,4,Yes,32,6,1,0
38,Male,Research & Development,Healthcare Representative,134447,8,2,2,Yes,19,2,1,0
39,Female,Research & Development,Human Resources,122426,23,4,2,No,5,4,3,0
20,Female,Research & Development,Manufacturing Director,73181,2,4,1,Yes,9,2,3,0
37,Female,Sales,Manufacturing Director,83011,5,4,1,Yes,34,4,1,1
37,Male,Sales,Research Director,98166,8,4,1,No,14,5,1,0
28,Female,Research & Development,Healthcare Representative,37876,5,3,3,Yes,30,1,3,0
23,Female,Research & Development,Sales Representative,106482,14,4,2,Yes,2,6,2,0
19,Female,Research & Development,Sales Representative,94415,17,1,4,No,20,2,1,1
18,Male,Research & Development,Research Director,85226,22,2,3,No,38,6,1,0
38,Female,Research & Development,Laboratory Technician,127630,12,1,4,No,10,5,1,0
21,Male,Research & Development,Sales Executive,107767,15,4,4,No,2,0,3,0
58,Female,Research & Development,Healthcare Representative,140875,14,3,1,Yes,12,2,2,0
28,Male,Research & Development,Manager,146829,0,4,1,No,3,2,1,1
45,Male,Research & Development,Research Director,126416,17,2,4,No,24,5,4,0
46,Female,Research & Development,Laboratory Technician,55217,0,2,2,No,8,5,3,0
38,Female,Human Resources,Sales Representative,40510,13,3,4,No,10,0,3,0
55,Female,Research & Development,Research Director,55406,24,3,3,No,23,5,1,0
22,Male,Sales,Research Director,111197,19,2,3,No,13,1,3,0
27,Female,Sales,Research Director,131679,12,2,2,No,26,2,4,1
28,Male,Research & Development,Human Resources,133820,7,3,2,Yes,37,1,3,0
23,Female,Research & Development,Manager,107337,20,1,3,No,37,1,2,0
30,Female,Research & Development,Manufacturing Director,106937,21,1,1,Yes,29,3,2,0
31,Female,Research & Development,Manufacturing Director,143511,9,1,2,No,38,0,4,1
50,Female,Sales,Sales Representative,107576,2,1,3,No,29,0,1,0
30,Female,Research & Development,Laboratory Technician,34031,14,1,1,No,3,5,1,0
54,Female,Research & Development,Manager,82521,15,1,2,Yes,38,2,1,0
50,Male,Research & Development,Manager,63421,23,1,4,No,23,4,3,0
55,Male,Research & Development,Manager,100991,22,4,2,No,1,6,2,0
22,Male,Sales,Manufacturing Director,100837,5,1,4,Yes,25,0,1,1
59,Female,Research & Development,Sales Representative,54741,6,3,4,Yes,10,5,4,0
43,Female,Research & Development,Sales Executive,55459,24,1,3,No,21,0,3,0
59,Male,Human Resources,Sales Representative,26989,8,4,1,Yes,26,5,1,1
32,Male,Research & Development,Research Director,54588,11,1,1,No,2,2,4,1
58,Male,Sales,Research Director,126741,7,3,4,No,18,0,3,0
42,Male,Research & Development,Human Resources,103442,9,3,1,Yes,3,1,1,1
21,Male,Research & Development,Manufacturing Director,142324,14,4,3,No,5,2,4,0
35,Female,Research & Development,Sales Executive,140053,7,3,3,Yes,9,5,1,0
23,Female,Research & Development,Manager,130671,10,3,4,Yes,31,4,4,1
57,Male,Sales,Sales Executive,39257,8,4,4,No,17,5,2,0
30,Male,Sales,Laboratory Technician,60078,2,4,2,Yes,2,0,2,1
27,Female,Sales,Sales Representative,22760,19,2,3,No,30,6,1,0
41,Female,Sales,Manager,27626,22,4,3,No,22,3,4,0
35,Female,Human Resources,Manager,46193,12,4,4,Yes,6,0,3,0
22,Male,Research & Development,Sales Representative,52818,5,3,3,No,22,6,3,0
52,Male,Sales,Research Scientist,17077,16,4,1,No,10,5,4,0
53,Male,Research & Development,Research Director,128782,13,1,4,Yes,25,0,3,0
49,Female,Research & Development,Manager,86145,13,3,3,No,37,3,2,0
43,Female,Research & Development,Manufacturing Director,103534,14,3,1,No,13,6,4,0
34,Female,Sales,Healthcare Representative,103230,17,4,1,No,30,4,3,0
40,Male,Research & Development,Healthcare Representative,145503,1,1,1,No,1,1,1,0
39,Male,Sales,Healthcare Representative,34889,2,4,3,No,16,4,4,0
24,Female,Research & Development,Manufacturing Director,61261,2,1,4,Yes,35,1,4,1
21,Female,Sales,Laboratory Technician,56631,3,2,2,Yes,3,2,1,0
28,Female,Research & Development,Research Scientist,89448,24,3,1,No,37,1,3,0
37,Male,Research & Development,Manufacturing Director,86035,18,2,4,No,4,4,4,0
24,Male,Sales,Laboratory Technician,121655,16,4,3,No,19,6,4,0
22,Male,Sales,Healthcare Representative,90686,17,4,3,Yes,8,0,1,0
53,Female,Human Resources,Human Resources,46588,0,1,1,No,1,4,4,0
33,Female,Research & Development,Sales Executive,91239,5,2,4,Yes,14,1,1,0
42,Female,Research & Development,Laboratory Technician,145152,19,1,1,No,23,5,3,0
40,Male,Sales,Sales Executive,93146,11,3,3,No,29,0,3,0
48,Female,Sales,Human Resources,94973,12,4,3,Yes,13,2,1,0
49,Male,Research & Development,Sales Representative,38759,18,3,3,No,20,1,3,0
30,Female,Human Resources,Laboratory Technician,16066,1,1,3,No,8,6,2,0
53,Female,Sales,Manufacturing Director,43294,19,1,2,No,29,0,4,0
33,Female,Research & Development,Sales Representative,18395,17,1,3,No,7,4,4,1
53,Female,Research & Development,Human Resources,76053,10,2,2,No,34,0,3,0
35,Female,Sales,Manager,134099,12,3,2,No,7,4,3,0
22,Male,Sales,Laboratory Technician,75310,1,1,3,No,26,5,1,1
49,Male,Sales,Sales Representative,102113,5,4,3,No,13,5,4,0
19,Female,Research & Development,Sales Representative,130509,6,2,1,Yes,39,0,3,1
50,Female,Research & Development,Manager,118014,21,3,4,Yes,11,5,2,0
19,Male,Research & Development,Sales Executive,102834,2,3,1,No,38,2,1,0
26,Female,Sales,Sales Representative,120842,7,3,2,Yes,33,4,3,0
43,Male,Research & Development,Sales Executive,52875,3,2,2,No,19,6,4,0
57,Female,Research & Development,Human Resources,71762,7,2,2,No,20,0,4,0
35,Male,Research & Development,Research Director,68864,0,2,2,No,14,2,1,1
23,Female,Research & Development,Manager,122812,6,1,2,No,17,6,4,0
27,Male,Sales,Manager,70184,18,2,2,No,19,0,1,0
55,Male,Research & Development,Sales Executive,141566,19,4,4,Yes,6,1,2,0
48,Female,Research & Development,Research Director,40193,9,4,4,No,13,3,2,0
22,Female,Research & Development,Laboratory Technician,38243,17,4,2,No,35,6,1,0
34,Male,Sales,Laboratory Technician,111682,15,2,2,Yes,39,2,1,1
29,Female,Research & Development,Sales Representative,118158,22,2,3,Yes,3,2,4,0
25,Male,Research & Development,Human Resources,106669,20,1,1,No,29,5,3,0
53,Male,Research & Development,Healthcare Representative,56551,5,2,2,No,10,0,4,0
43,Male,Human Resources,Healthcare Representative,16232,14,3,1,Yes,26,2,3,0
25,Male,Research & Development,Healthcare Representative,58401,19,2,3,No,25,2,2,0
45,Female,Sales,Laboratory Technician,77995,7,3,1,Yes,35,2,1,1
35,Female,Research & Development,Manager,70721,14,1,4,Yes,28,4,3,0
20,Male,Research & Development,Human Resources,139476,10,2,2,No,33,1,4,0
36,Male,Human Resources,Manufacturing Director,131602,7,2,3,Yes,32,2,1,0
25,Female,Sales,Sales Representative,119629,4,2,3,No,26,6,2,0
28,Female,Sales,Sales Representative,17977,0,1,2,Yes,17,5,2,1
54,Male,Research & Development,Research Director,32201,18,2,2,No,14,6,4,0
47,Male,Sales,Sales Representative,73580,20,4,2,No,14,4,1,0
23,Male,Research & Development,Human Resources,98927,16,4,4,Yes,14,4,1,0
53,Male,Research & Development,Sales Representative,106806,6,2,3,No,12,1,1,1
42,Female,Sales,Human Resources,54998,0,2,1,No,13,1,1,0
54,Female,Research & Development,Sales Representative,29906,15,3,2,Yes,23,3,4,1
49,Female,Human Resources,Research Director,59302,4,2,2,No,11,2,2,0
32,Female,Research & Development,Human Resources,121954,13,3,4,Yes,14,5,2,0
40,Male,Research & Development,Human Resources,148186,24,2,4,Yes,28,0,2,0
40,Female,Sales,Manager,142156,0,4,2,No,13,6,4,0
48,Female,Sales,Sales Representative,95086,14,3,2,Yes,5,1,3,1
28,Female,Human Resources,Human Resources,27276,24,4,1,No,1,2,2,0
31,Male,Research & Development,Manufacturing Director,145642,8,4,3,No,30,2,4,0
28,Female,Research & Development,Research Scientist,35647,20,2,1,No,37,6,1,1
30,Male,Human Resources,Research Director,51220,20,2,4,Yes,27,5,3,1
24,Female,Sales,Manager,146503,12,1,3,Yes,3,0,2,1
19,Female,Research & Development,Manufacturing Director,83024,7,3,1,No,22,5,2,0
57,Female,Sales,Sales Representative,41710,17,3,4,Yes,11,4,1,1
21,Female,Sales,Sales Executive,82784,15,2,4,No,13,0,1,0
55,Female,Research & Development,Healthcare Representative,25656,11,1,2,No,36,5,3,0
18,Male,Research & Development,Laboratory Technician,57616,4,4,1,No,33,0,4,0
50,Female,Human Resources,Laboratory Technician,143545,18,1,2,No,29,2,4,0
31,Female,Research & Development,Human Resources,55306,5,3,2,Yes,20,1,1,0
39,Male,Research & Development,Healthcare Representative,135504,3,1,2,Yes,23,0,4,1
29,Male,Research & Development,Research Scientist,88296,1,1,4,No,36,3,1,1
38,Male,Research & Development,Manufacturing Director,103522,11,4,4,No,26,4,4,0
36,Female,Human Resources,Laboratory Technician,109904,3,3,3,No,23,3,3,0
40,Female,Research & Development,Human Resources,89443,8,1,4,Yes,4,2,4,1
34,Female,Research & Development,Laboratory Technician,19630,6,1,1,No,39,3,1,1
40,Female,Sales,Manufacturing Director,139096,11,2,1,Yes,32,1,4,1
52,Female,Sales,Manufacturing Director,79128,19,3,4,No,15,0,2,0
36,Female,Human Resources,Research Scientist,103495,11,2,3,Yes,10,1,3,0
33,Male,Research & Development,Research Director,89773,13,4,1,No,38,0,3,0
23,Male,Research & Development,Manager,103883,3,3,4,No,38,5,3,0
33,Male,Sales,Manufacturing Director,62884,2,3,1,No,17,4,3,0
23,Female,Research & Development,Manufacturing Director,128897,24,2,4,No,10,1,2,0
25,Male,Research & Development,Sales Representative,45282,15,3,4,Yes,32,3,2,0
57,Male,Sales,Sales Executive,103188,0,4,2,No,25,3,1,0
21,Male,Research & Development,Human Resources,93018,14,1,3,No,36,0,3,1
38,Female,Research & Development,Manager,82996,0,3,3,No,22,6,3,0
53,Female,Research & Development,Laboratory Technician,17965,1,4,4,No,22,6,3,0
58,Female,Sales,Healthcare Representative,67612,9,2,3,No,6,5,3,0
24,Male,Research & Development,Research Director,21419,16,4,2,Yes,24,5,2,0
24,Female,Sales,Research Scientist,82923,15,2,1,No,15,3,1,0
33,Female,Research & Development,Healthcare Representative,107847,19,1,2,No,9,5,4,0
41,Female,Research & Development,Manager,85534,4,4,1,No,31,3,4,0
58,Male,Research & Development,Research Director,117201,4,2,3,No,14,1,4,0
26,Male,Sales,Manager,63712,13,4,2,No,9,1,1,0
24,Female,Human Resources,Sales Representative,56328,21,2,3,No,38,5,3,0
28,Male,Sales,Sales Representative,75495,18,2,1,No,38,3,3,1
54,Female,Research & Development,Human Resources,45932,16,3,2,No,20,5,1,0
19,Female,Human Resources,Manufacturing Director,123252,2,2,2,Yes,12,1,4,1
33,Male,Research & Development,Sales Representative,124313,21,4,1,No,7,3,4,0
22,Female,Research & Development,Laboratory Technician,71229,24,1,4,No,25,0,2,0
24,Male,Research & Development,Research Director,121995,14,1,3,No,24,1,3,1
56,Female,Research & Development,Human Resources,18450,8,1,4,No,25,0,4,0
18,Male,Research & Development,Laboratory Technician,35895,16,2,4,No,30,1,4,0
31,Male,Research & Development,Manager,53207,16,1,1,Yes,19,4,4,0
56,Male,Sales,Research Director,67369,23,2,4,No,27,0,4,0
43,Male,Research & Development,Sales Executive,46285,2,1,1,No,26,1,3,0
21,Female,Sales,Sales Representative,84145,12,4,4,No,32,4,4,0
37,Male,Human Resources,Research Director,122133,17,1,3,Yes,29,1,4,1
58,Male,Sales,Research Director,76591,8,4,4,Yes,2,3,1,0
34,Male,Sales,Research Scientist,75654,21,4,2,No,25,6,3,0
40,Male,Human Resources,Sales Representative,23086,1,3,1,No,39,5,2,0
40,Male,Sales,Research Director,52841,2,4,1,No,22,0,2,0
45,Female,Research & Development,Sales Executive,123979,19,4,1,No,21,1,1,0
25,Female,Research & Development,Sales Representative,124445,3,4,4,No,24,4,3,0
53,Male,Sales,Manager,29076,10,3,3,No,22,2,4,0
59,Female,Sales,Human Resources,17594,7,3,1,No,16,2,2,0
23,Female,Research & Development,Sales Executive,127187,17,2,1,No,39,3,3,0
52,Male,Sales,Human Resources,38523,0,3,1,Yes,3,4,2,1
52,Female,Sales,Manager,92563,8,2,2,No,32,3,3,0
49,Male,Sales,Laboratory Technician,126638,24,1,3,Yes,7,0,1,1
33,Male,Research & Development,Manufacturing Director,121289,9,4,4,No,9,0,4,0
37,Male,Research & Development,Sales Representative,89337,14,3,3,Yes,24,0,2,0
53,Male,Sales,Human Resources,65846,24,3,4,Yes,25,1,3,0
24,Female,Research & Development,Laboratory Technician,119442,15,2,2,Yes,37,5,4,0
52,Female,Research & Development,Human Resources,108789,18,4,2,Yes,12,6,1,0
56,Male,Sales,Manager,128153,23,3,3,No,2,3,4,0
46,Female,Research & Development,Research Scientist,84369,15,1,1,No,10,0,3,0
32,Female,Human Resources,Manager,142165,20,4,4,No,22,0,4,0
41,Female,Research & Development,Research Director,118915,12,4,4,No,14,5,3,0
20,Female,Research & Development,Sales Executive,23562,20,4,1,No,10,2,1,0
57,Female,Research & Development,Sales Executive,54675,16,2,1,No,36,6,3,0
32,Male,Sales,Sales Executive,122896,8,1,3,No,22,3,3,0
20,Female,Research & Development,Manager,30670,13,1,3,Yes,27,6,4,0
51,Female,Human Resources,Sales Executive,110683,8,3,1,No,30,0,3,1
45,Female,Human Resources,Human Resources,60977,9,4,3,Yes,16,6,2,0
44,Female,Sales,Research Scientist,42948,7,1,2,Yes,29,3,1,1
20,Male,Research & Development,Sales Executive,87887,12,3,3,No,38,3,2,0
49,Male,Sales,Laboratory Technician,140779,8,1,2,Yes,29,3,3,0
44,Male,Research & Development,Sales Representative,136184,15,4,2,Yes,12,2,2,0
51,Male,Research & Development,Human Resources,69567,9,1,2,No,31,4,2,0
52,Female,Research & Development,Laboratory Technician,15498,12,4,1,Yes,10,5,1,0
26,Female,Sales,Healthcare Representative,134827,3,1,1,No,3,5,4,1
26,Female,Human Resources,Sales Representative,136129,9,2,1,No,18,6,4,0
56,Female,Sales,Research Director,96690,8,3,4,No,20,2,2,0
40,Female,Sales,Research Scientist,99856,24,4,2,No,19,5,1,0
36,Female,Human Resources,Research Director,86110,11,2,2,Yes,11,6,4,0
30,Female,Research & Development,Research Director,16687,0,4,4,No,11,0,4,0
44,Female,Research & Development,Sales Representative,36535,7,1,4,No,36,3,4,0
49,Female,Research & Development,Healthcare Representative,34356,18,2,1,Yes,12,4,3,0
18,Male,Sales,Manufacturing Director,138434,4,4,2,No,31,3,3,0
41,Female,Sales,Human Resources,21726,4,2,2,No,11,0,3,0
59,Female,Research & Development,Research Director,90149,9,3,4,No,5,4,1,0
29,Female,Research & Development,Healthcare Representative,63978,8,2,3,No,3,2,3,0
29,Male,Research & Development,Sales Representative,15822,12,2,3,Yes,10,4,2,0
54,Male,Sales,Manufacturing Director,139096,0,4,1,No,33,0,4,0
20,Male,Research & Development,Sales Representative,17468,18,3,2,No,18,0,4,0
34,Female,Research & Development,Sales Executive,130532,5,3,1,No,28,4,1,0
37,Female,Sales,Human Resources,119980,17,3,3,No,38,6,1,0
51,Female,Sales,Healthcare Representative,122147,14,4,4,Yes,2,4,2,0
23,Female,Research & Development,Manager,36861,5,2,4,No,5,6,1,0
36,Male,Research & Development,Research Scientist,133946,11,4,2,No,36,5,1,0
24,Female,Research & Development,Healthcare Representative,95829,0,3,2,No,23,1,4,1
51,Female,Research & Development,Sales Executive,69264,17,4,4,Yes,25,0,3,0
44,Male,Research & Development,Human Resources,106946,7,4,2,No,14,3,4,0
38,Female,Sales,Sales Representative,61094,9,1,4,Yes,33,4,3,1
34,Male,Research & Development,Healthcare Representative,52714,3,2,3,No,26,5,3,0
24,Female,Sales,Research Director,53910,9,2,2,No,11,3,3,0
56,Female,Research & Development,Research Director,91857,9,2,3,No,26,6,1,0
45,Female,Sales,Research Scientist,96141,5,2,1,Yes,1,5,1,0
31,Female,Sales,Sales Executive,47434,24,1,2,Yes,10,4,2,1
35,Male,Research & Development,Laboratory Technician,48157,6,4,2,No,8,3,2,0
48,Female,Research & Development,Sales Executive,142752,4,4,4,No,31,0,4,0
48,Female,Research & Development,Manager,84508,13,3,3,Yes,29,5,2,0
37,Female,Research & Development,Healthcare Representative,131122,7,2,2,No,4,4,2,0
30,Female,Human Resources,Healthcare Representative,59573,11,4,4,Yes,36,6,3,0
45,Male,Research & Development,Sales Executive,53885,18,2,2,No,32,0,1,0
45,Female,Human Resources,Human Resources,53150,1,2,4,No,17,1,4,0
43,Male,Research & Development,Human Resources,86389,12,4,3,Yes,9,4,1,0
21,Female,Research & Development,Manager,120173,0,4,4,No,17,3,4,0
37,Male,Research & Development,Sales Executive,82585,1,3,4,No,23,4,3,0
43,Male,Research & Development,Manufacturing Director,54816,2,1,2,No,25,3,4,0
57,Male,Research & Development,Sales Representative,144603,4,1,2,No,14,4,2,0
40,Female,Research & Development,Sales Representative,92277,8,4,4,No,4,4,4,0
32,Male,Sales,Laboratory Technician,68193,23,2,1,Yes,24,1,4,1
41,Male,Sales,Research Director,16307,22,3,4,No,28,5,2,0
25,Female,Human Resources,Human Resources,90900,2,2,1,No,11,3,2,0
21,Male,Sales,Healthcare Representative,98843,24,2,4,Yes,25,4,1,1
46,Male,Research & Development,Manufacturing Director,140375,15,4,3,No,23,4,1,0
59,Male,Research & Development,Healthcare Representative,46144,13,3,3,No,20,5,3,0
53,Male,Sales,Sales Executive,36979,19,2,2,Yes,1,2,4,0
42,Female,Human Resources,Healthcare Representative,149904,12,2,3,No,12,0,3,0
19,Female,Sales,Sales Executive,89315,6,1,2,Yes,15,1,4,1
59,Female,Human Resources,Sales Executive,18627,13,3,2,No,33,6,4,0
36,Male,Research & Development,Healthcare Representative,29265,18,3,1,No,33,1,3,0
30,Male,Sales,Healthcare Representative,79178,17,1,1,No,35,1,3,0
55,Male,Sales,Human Resources,98362,4,2,4,No,19,6,4,0
49,Male,Research & Development,Healthcare Representative,47899,23,3,3,Yes,13,1,4,0
49,Female,Research & Development,Human Resources,64367,7,1,2,No,20,3,1,0
29,Female,Sales,Research Director,114393,20,4,4,No,31,2,3,0
59,Male,Human Resources,Manufacturing Director,145630,7,4,3,Yes,25,4,2,0
37,Female,Sales,Human Resources,81293,1,3,3,No,24,4,4,0
40,Female,Research & Development,Healthcare Representative,71080,24,1,1,No,17,3,1,0
49,Male,Sales,Manager,63752,14,3,3,No,28,3,4,0
45,Female,Human Resources,Sales Executive,33385,5,4,1,No,34,5,2,0
25,Male,Sales,Research Scientist,22124,0,1,3,No,27,4,4,0
30,Male,Research & Development,Healthcare Representative,127589,3,4,1,No,16,3,4,0
33,Female,Research & Development,Laboratory Technician,20013,4,4,3,No,33,6,2,1
57,Female,Sales,Manager,125817,23,1,2,No,37,0,4,1
48,Male,Research & Development,Sales Executive,48380,4,1,1,No,32,5,1,0
33,Female,Sales,Laboratory Technician,108806,4,3,2,No,35,1,1,0
48,Female,Research & Development,Manager,143464,20,4,1,No,11,2,3,0
49,Female,Research & Development,Manager,116089,21,4,1,Yes,17,0,2,0
34,Male,Research & Development,Human Resources,113485,5,3,4,Yes,10,3,1,0
34,Female,Sales,Human Resources,50736,16,3,2,No,15,5,4,0
55,Female,Sales,Research Director,95752,13,3,2,Yes,29,2,1,1
41,Female,Sales,Sales Executive,101677,14,3,1,No,27,4,3,0
24,Female,Research & Development,Manager,72415,7,4,2,No,1,2,2,0
48,Female,Sales,Laboratory Technician,20132,18,1,2,No,30,5,2,0
42,Female,Human Resources,Laboratory Technician,138178,22,1,3,No,8,6,1,0
39,Female,Research & Development,Research Scientist,41580,18,1,1,No,8,5,2,0
48,Female,Research & Development,Healthcare Representative,146416,22,4,4,No,22,2,3,0
56,Male,Research & Development,Research Scientist,140857,2,3,1,No,10,5,2,0
31,Male,Sales,Healthcare Representative,17546,16,1,3,No,38,0,3,0
35,Female,Research & Development,Research Scientist,114796,24,1,1,Yes,6,6,2,0
25,Female,Sales,Healthcare Representative,100601,13,2,4,Yes,6,5,4,0
45,Female,Research & Development,Manager,46140,23,1,3,No,30,4,2,1
34,Male,Research & Development,Research Scientist,124725,8,3,4,Yes,12,4,2,0
32,Female,Research & Development,Sales Executive,30036,22,2,4,No,28,1,3,0
47,Male,Human Resources,Research Director,48573,23,2,4,No,27,3,3,0
35,Male,Sales,Sales Representative,143104,15,1,3,No,8,0,2,0
37,Male,Research & Development,Laboratory Technician,115283,17,3,4,No,23,2,4,0
36,Male,Sales,Research Director,30145,13,4,1,Yes,21,4,3,0
28,Female,Research & Development,Research Scientist,34450,7,3,3,No,4,2,2,0
23,Female,Research & Development,Human Resources,49704,13,4,4,No,30,5,1,0
52,Male,Sales,Research Scientist,24525,24,4,2,Yes,34,5,2,0
21,Female,Research & Development,Manager,39655,0,4,4,Yes,37,3,1,0
31,Male,Research & Development,Sales Executive,92187,5,3,3,No,4,2,1,0
46,Male,Sales,Research Scientist,16007,12,1,2,Yes,7,2,2,1
23,Female,Human Resources,Manufacturing Director,53805,8,2,2,No,33,3,2,0
45,Male,Research & Development,Sales Executive,57408,15,2,1,No,12,5,4,0
48,Female,Research & Development,Healthcare Representative,146067,9,3,4,Yes,25,0,3,0
45,Male,Research & Development,Laboratory Technician,146514,16,4,3,Yes,14,3,4,0
30,Male,Human Resources,Sales Executive,129138,2,3,2,Yes,9,3,3,0
18,Female,Sales,Human Resources,61156,8,2,4,No,25,2,1,1
55,Female,Research & Development,Human Resources,86186,17,4,1,No,9,1,4,0
31,Male,Research & Development,Human Resources,83081,11,3,4,Yes,6,5,2,0
51,Male,Research & Development,Research Scientist,131123,17,4,2,No,21,3,2,0
26,Female,Research & Development,Manufacturing Director,115701,15,3,3,No,8,4,3,0
24,Male,Human Resources,Laboratory Technician,137387,8,3,1,No,8,0,1,0
50,Male,Research & Development,Laboratory Technician,89395,10,2,3,Yes,31,1,2,0
57,Female,Research & Development,Manufacturing Director,139091,24,2,3,Yes,21,1,3,0
54,Male,Research & Development,Healthcare Representative,115384,24,2,4,No,22,2,3,0
49,Female,Research & Development,Healthcare Representative,114742,0,2,2,No,6,5,3,0
28,Male,Human Resources,Laboratory Technician,104320,17,3,1,No,7,4,4,0
56,Female,Research & Development,Human Resources,60314,12,2,1,Yes,16,6,4,0
46,Female,Sales,Human Resources,97156,0,1,1,Yes,16,2,1,1
25,Male,Sales,Laboratory Technician,63138,15,1,2,No,18,5,1,0
23,Male,Research & Development,Research Scientist,102702,0,4,4,Yes,6,1,3,1
54,Male,Research & Development,Healthcare Representative,49396,7,2,1,No,36,5,4,0
29,Female,Research & Development,Manufacturing Director,122887,17,3,1,No,15,4,3,0
50,Female,Sales,Human Resources,92134,20,4,1,Yes,32,0,1,1
23,Female,Sales,Manufacturing Director,110875,10,1,2,No,16,4,3,0
29,Male,Research & Development,Sales Executive,44941,20,4,3,Yes,19,3,4,0
29,Male,Research & Development,Research Scientist,121889,20,3,2,No,5,0,1,0
29,Female,Sales,Sales Executive,123351,11,3,2,Yes,27,5,2,0
46,Female,Research & Development,Manufacturing Director,34655,4,2,1,No,3,3,3,0
56,Female,Research & Development,Laboratory Technician,62252,16,3,4,No,30,4,2,0
56,Male,Human Resources,Research Director,106485,0,1,1,Yes,35,4,1,1
49,Male,Sales,Human Resources,132928,22,2,1,No,15,0,3,0
26,Male,Human Resources,Research Scientist,114497,9,4,3,No,35,2,3,0
58,Male,Research & Development,Human Resources,78679,19,2,4,No,28,4,3,0
40,Male,Research & Development,Manager,55495,18,3,2,Yes,1,2,3,0
40,Female,Sales,Laboratory Technician,137845,11,4,1,Yes,8,6,3,0
47,Male,Research & Development,Manufacturing Director,133067,24,3,3,No,26,2,2,0
50,Female,Research & Development,Manufacturing Director,136071,19,2,2,No,28,3,1,0
58,Female,Research & Development,Research Scientist,56136,22,4,2,No,4,3,4,0
42,Female,Research & Development,Research Director,73917,2,4,4,No,27,0,1,0
43,Female,Research & Development,Sales Executive,47917,12,3,4,No,32,5,4,0
49,Male,Research & Development,Sales Executive,143863,23,1,2,Yes,4,0,3,1
28,Female,Sales,Laboratory Technician,132058,20,2,3,No,35,3,3,0
30,Male,Research & Development,Research Scientist,38391,11,2,3,No,21,6,1,0
44,Female,Sales,Sales Executive,48347,1,1,4,No,25,6,4,0
20,Female,Human Resources,Manufacturing Director,89526,7,2,4,No,2,1,3,0
31,Female,Human Resources,Manufacturing Director,71092,14,1,2,No,24,2,4,0
48,Male,Sales,Research Scientist,77087,16,3,1,No,18,3,4,0
58,Male,Sales,Research Director,64669,23,2,1,No,15,4,1,1
39,Male,Sales,Research Director,105981,2,3,1,Yes,31,1,4,1
34,Male,Research & Development,Sales Representative,136238,9,2,4,No,10,3,3,0
36,Female,Human Resources,Healthcare Representative,138824,6,3,3,No,3,5,1,0
46,Male,Research & Development,Human Resources,76456,24,3,4,No,20,5,3,0
40,Male,Sales,Manufacturing Director,126765,4,1,1,No,30,5,3,1
18,Female,Sales,Manufacturing Director,108731,5,2,1,Yes,6,6,3,1
40,Male,Sales,Sales Executive,41582,7,3,1,No,39,6,2,0
34,Female,Research & Development,Sales Representative,122195,2,3,3,No,27,3,4,0
47,Male,Research & Development,Sales Executive,62306,16,1,1,Yes,37,6,1,0
54,Male,Research & Development,Manager,99766,13,4,3,No,19,3,2,0
58,Female,Research & Development,Research Director,112285,13,1,4,No,5,4,4,0
43,Female,Human Resources,Research Scientist,142398,22,4,1,Yes,7,6,1,0
33,Female,Research & Development,Manager,143022,10,3,3,No,20,0,2,0
36,Female,Research & Development,Laboratory Technician,123338,7,2,3,Yes,23,6,2,0
25,Male,Human Resources,Manufacturing Director,83308,9,1,4,No,29,5,4,0
57,Female,Research & Development,Healthcare Representative,69027,20,4,1,No,32,6,4,0
53,Male,Human Resources,Laboratory Technician,74565,13,3,1,No,30,5,4,0
53,Female,Sales,Research Director,143359,4,4,1,Yes,23,1,2,1
31,Male,Research & Development,Manufacturing Director,42679,17,4,3,No,1,2,2,0
31,Female,Sales,Healthcare Representative,85817,18,1,4,No,21,0,1,0
53,Male,Research & Development,Research Director,106740,6,3,1,No,32,4,4,0
40,Female,Sales,Laboratory Technician,18047,13,2,2,No,34,3,2,0
47,Female,Sales,Healthcare Representative,100710,14,4,3,Yes,33,3,2,0
38,Female,Sales,Human Resources,50101,4,1,4,No,1,5,3,0
36,Female,Research & Development,Manufacturing Director,52887,0,1,4,Yes,17,5,4,0
44,Male,Research & Development,Research Scientist,98933,17,3,3,No,25,0,1,0
52,Male,Research & Development,Laboratory Technician,16200,15,3,4,No,10,6,4,0
32,Female,Research & Development,Human Resources,36170,17,3,4,No,16,2,2,0
51,Male,Human Resources,Sales Representative,76420,9,2,4,No,4,5,2,0
28,Male,Human Resources,Research Director,93849,12,2,2,No,8,4,1,0
34,Male,Sales,Laboratory Technician,29731,24,4,2,No,1,3,3,0
56,Female,Research & Development,Research Director,63815,5,4,2,No,39,1,2,0
58,Male,Research & Development,Manufacturing Director,56518,16,4,4,Yes,34,1,1,0
56,Male,Research & Development,Research Director,87142,3,2,2,No,16,5,1,0
31,Female,Research & Development,Research Director,55580,1,4,4,No,1,2,3,0
53,Male,Research & Development,Research Scientist,15253,23,2,3,No,14,1,1,0
57,Male,Sales,Human Resources,86560,3,4,1,Yes,17,0,3,0
59,Male,Research & Development,Manager,129536,16,4,2,No,7,5,3,0
18,Female,Research & Development,Sales Representative,93940,12,1,1,No,26,2,4,0
49,Male,Research & Development,Sales Representative,63859,20,4,3,Yes,39,2,1,0
59,Female,Research & Development,Research Scientist,80120,13,3,2,No,33,2,2,0
50,Male,Sales,Sales Representative,33921,17,4,2,No,34,4,1,0
27,Male,Sales,Research Scientist,46945,22,3,1,Yes,33,3,4,1
50,Male,Sales,Laboratory Technician,74118,20,1,1,Yes,3,3,3,1
22,Male,Sales,Research Scientist,94965,18,4,4,No,22,1,4,0
38,Male,Sales,Research Scientist,80633,4,1,4,Yes,23,2,1,1
44,Male,Research & Development,Human Resources,144989,4,4,2,No,4,6,3,0
37,Male,Research & Development,Laboratory Technician,101049,12,1,4,No,6,3,1,0
47,Female,Research & Development,Manufacturing Director,18103,16,4,3,No,23,6,1,0
28,Female,Research & Development,Healthcare Representative,85815,16,2,2,No,28,5,2,1
43,Female,Sales,Sales Representative,93678,19,1,2,Yes,9,4,2,1
45,Female,Research & Development,Manager,20875,2,1,3,No,19,3,2,0
44,Female,Sales,Healthcare Representative,66977,4,2,4,Yes,3,5,1,0
30,Female,Human Resources,Research Director,132654,3,4,2,Yes,5,0,3,0
30,Female,Sales,Healthcare Representative,63180,13,4,2,No,23,3,2,0
28,Male,Research & Development,Sales Representative,76628,15,3,4,No,22,4,4,0
37,Female,Human Resources,Human Resources,44856,2,3,3,Yes,30,0,4,0
42,Male,Research & Development,Sales Representative,25393,21,2,2,No,36,1,2,0
33,Female,Research & Development,Sales Executive,57957,7,4,2,Yes,8,0,4,0
35,Female,Research & Development,Laboratory Technician,119331,16,2,3,Yes,14,3,3,0
30,Male,Sales,Manager,147727,18,4,1,No,34,3,2,0
27,Male,Research & Development,Healthcare Representative,104120,0,2,1,No,2,3,4,0
45,Male,Human Resources,Laboratory Technician,127169,21,2,3,No,33,0,3,0
52,Male,Human Resources,Manufacturing Director,102674,24,2,1,No,37,3,2,0
30,Female,Research & Development,Sales Executive,103927,23,3,3,No,4,6,3,0
54,Female,Research & Development,Laboratory Technician,72633,3,3,4,Yes,6,0,4,0
41,Female,Research & Development,Research Director,23263,9,4,1,No,27,5,3,1
25,Female,Research & Development,Sales Executive,70417,5,1,2,Yes,19,1,3,0
33,Male,Sales,Research Director,131757,11,1,4,No,39,0,1,0
18,Male,Sales,Manufacturing Director,87405,24,4,1,No,22,0,3,0
19,Female,Sales,Research Director,117865,19,4,4,No,26,0,2,0
32,Female,Research & Development,Laboratory Technician,21830,19,1,1,No,10,2,4,0
37,Female,Sales,Research Director,42168,10,4,4,No,13,3,4,0
51,Male,Sales,Manager,55359,23,2,2,Yes,7,4,1,1
23,Female,Sales,Research Director,63511,23,4,1,No,6,0,4,0
53,Female,Human Resources,Sales Executive,148365,20,4,3,No,5,4,4,0
27,Male,Sales,Research Director,77359,20,3,1,No,35,5,4,1
23,Male,Sales,Laboratory Technician,104395,16,1,2,Yes,3,0,2,1
47,Male,Research & Development,Manufacturing Director,102001,2,4,3,No,21,4,2,0
50,Male,Sales,Sales Executive,71556,7,1,3,No,20,0,3,0
43,Male,Human Resources,Human Resources,145454,19,2,2,No,3,3,4,0
22,Female,Human Resources,Manager,45019,8,3,4,No,33,4,2,0
22,Female,Research & Development,Human Resources,19661,4,1,2,No,20,6,4,1
34,Male,Research & Development,Manager,115603,23,2,2,No,5,3,2,0
36,Female,Research & Development,Research Scientist,103263,12,4,2,Yes,6,3,4,0
59,Female,Sales,Manufacturing Director,50139,21,1,4,No,28,5,1,0
30,Male,Sales,Manufacturing Director,132174,7,2,3,No,25,1,4,0
26,Male,Sales,Research Scientist,36919,8,1,1,No,17,1,4,0
57,Male,Sales,Human Resources,48880,8,3,4,No,16,3,3,0
24,Female,Research & Development,Human Resources,35859,9,1,2,Yes,2,0,3,1
19,Female,Sales,Manager,40142,10,2,2,No,2,0,2,0
35,Female,Sales,Manager,113450,7,3,1,No,21,2,4,0
34,Female,Research & Development,Sales Representative,109970,20,1,4,No,15,1,1,0
44,Male,Research & Development,Sales Representative,101779,8,1,1,Yes,10,4,2,1
54,Male,Sales,Sales Executive,131202,11,4,4,No,15,3,1,0
57,Female,Sales,Healthcare Representative,24423,21,4,1,No,24,3,2,0
30,Male,Sales,Sales Representative,98757,10,1,3,No,12,3,3,0
59,Male,Sales,Research Director,30530,0,4,1,No,14,0,2,0
44,Male,Research & Development,Manager,144014,0,2,2,No,12,2,2,0
20,Male,Human Resources,Human Resources,100569,10,1,4,No,26,0,1,0
57,Male,Research & Development,Manager,117590,16,4,3,Yes,3,2,2,0
23,Male,Research & Development,Manufacturing Director,92100,23,2,3,No,36,4,2,0
42,Male,Research & Development,Manufacturing Director,66795,3,2,1,No,22,6,1,1
51,Female,Research & Development,Sales Representative,107609,13,1,4,No,10,2,4,0
28,Female,Sales,Research Director,127826,7,4,2,No,30,1,4,0
29,Female,Sales,Laboratory Technician,39035,11,2,3,No,37,4,4,0
37,Female,Research & Development,Laboratory Technician,132699,11,3,4,Yes,3,6,1,0
55,Female,Research & Development,Manager,113089,7,1,3,No,8,2,2,0
27,Male,Sales,Sales Representative,26588,0,4,3,No,6,5,4,0
45,Female,Sales,Manufacturing Director,141373,1,4,1,No,3,2,2,0
37,Female,Research & Development,Manager,39331,13,3,2,No,29,4,1,0
22,Female,Sales,Sales Executive,96141,5,2,3,No,8,1,3,0
47,Male,Research & Development,Laboratory Technician,32495,8,3,1,Yes,15,1,1,0
52,Male,Research & Development,Human Resources,41477,2,2,2,Yes,32,6,3,0
42,Female,Research & Development,Manager,101804,1,4,4,No,24,2,2,0
25,Female,Sales,Research Director,106738,3,3,4,No,27,0,3,0
24,Female,Sales,Research Scientist,107740,9,1,4,No,4,5,3,0
35,Female,Research & Development,Laboratory Technician,61316,4,4,4,No,38,0,3,0
39,Male,Research & Development,Human Resources,125729,5,1,4,Yes,4,0,3,0
41,Male,Sales,Human Resources,21653,7,2,1,No,28,5,1,0
28,Female,Sales,Research Director,130328,7,2,4,No,25,2,4,0
39,Female,Research & Development,Laboratory Technician,55815,0,1,3,No,17,0,1,0
30,Male,Research & Development,Research Director,98786,2,4,4,No,33,6,4,0
46,Male,Human Resources,Healthcare Representative,137253,23,4,3,Yes,35,1,4,0
51,Male,Research & Development,Research Director,49490,16,1,1,Yes,3,4,3,0
45,Male,Research & Development,Research Director,70503,3,2,3,Yes,38,1,3,0
18,Female,Research & Development,Manufacturing Director,126824,7,2,4,No,10,4,1,0
59,Male,Sales,Laboratory Technician,131729,9,3,1,Yes,31,4,4,0
18,Female,Research & Development,Human Resources,46754,22,3,3,Yes,33,5,3,1
59,Male,Research & Development,Healthcare Representative,83669,21,3,3,No,22,2,2,0
19,Female,Sales,Manufacturing Director,59999,19,1,2,No,34,4,3,0
39,Male,Human Resources,Manager,84792,2,3,4,No,33,5,3,0
22,Female,Research & Development,Human Resources,66186,12,1,1,No,21,5,2,1
21,Female,Sales,Research Scientist,15704,12,1,2,Yes,7,5,2,1
46,Female,Research & Development,Human Resources,139810,15,4,4,Yes,17,2,1,0
48,Female,Human Resources,Manufacturing Director,101009,21,1,3,No,36,3,4,0
22,Female,Human Resources,Sales Executive,77325,8,1,1,No,8,6,3,0
59,Female,Research & Development,Laboratory Technician,29554,13,2,1,No,39,1,2,0
31,Male,Human Resources,Healthcare Representative,24621,6,3,3,No,8,4,3,0
31,Male,Human Resources,Sales Representative,79631,5,3,4,Yes,26,5,3,0
30,Male,Research & Development,Manager,102626,7,1,1,No,25,3,1,0
37,Male,Human Resources,Research Scientist,50142,18,4,1,Yes,8,6,1,1
25,Female,Research & Development,Healthcare Representative,115493,10,2,2,No,19,2,1,0
35,Male,Research & Development,Laboratory Technician,67971,17,3,1,No,6,5,1,0
26,Male,Research & Development,Laboratory Technician,16494,17,1,1,Yes,15,4,4,0
20,Female,Research & Development,Sales Representative,87505,9,4,2,No,38,0,1,0
33,Male,Sales,Research Director,39444,23,2,3,No,3,5,4,0
46,Male,Research & Development,Research Scientist,16952,1,4,4,No,34,4,3,0
50,Female,Human Resources,Manager,32565,22,2,2,Yes,27,1,1,1
32,Female,Research & Development,Manufacturing Director,53418,0,3,3,No,30,4,4,0
31,Female,Human Resources,Manufacturing Director,84506,9,3,4,No,12,3,1,0
51,Female,Research & Development,Sales Representative,148597,20,1,1,Yes,38,6,4,1
46,Female,Sales,Laboratory Technician,44469,17,1,4,No,10,2,1,0
52,Female,Sales,Sales Representative,22748,8,2,1,Yes,20,1,3,0
56,Male,Research & Development,Manufacturing Director,40820,22,1,3,No,2,0,2,0
52,Female,Research & Development,Sales Executive,58118,3,3,4,No,35,5,3,0
57,Male,Research & Development,Research Director,42708,16,1,4,No,28,6,4,0
35,Male,Research & Development,Research Director,58391,12,3,2,No,7,4,4,0
34,Female,Research & Development,Manager,145822,5,1,3,No,26,2,2,0
31,Female,Research & Development,Sales Representative,66217,23,1,1,No,8,6,1,0
27,Male,Human Resources,Research Scientist,100686,19,2,2,No,18,1,2,0
49,Female,Research & Development,Manufacturing Director,107445,0,3,4,Yes,20,4,4,1
48,Female,Research & Development,Manufacturing Director,32569,2,2,1,No,37,4,3,0
51,Female,Research & Development,Sales Representative,48445,1,2,1,No,13,5,4,0
25,Male,Human Resources,Manufacturing Director,71121,10,2,3,Yes,1,6,2,0
38,Female,Sales,Sales Representative,77136,10,2,3,No,17,2,3,0
27,Male,Sales,Laboratory Technician,16779,18,2,2,Yes,37,0,1,1
55,Female,Sales,Manager,102056,16,4,1,No,32,1,1,0
29,Male,Research & Development,Research Scientist,55593,0,3,1,No,3,5,3,0
24,Female,Research & Development,Manager,58513,11,2,3,No,3,2,1,0
41,Male,Research & Development,Sales Executive,96405,19,3,2,No,30,0,2,0
54,Male,Research & Development,Sales Representative,143084,22,3,4,No,29,5,2,0
56,Male,Sales,Sales Executive,131770,7,4,2,No,22,4,3,0
22,Female,Research & Development,Human Resources,147255,1,3,2,No,4,0,4,0
31,Male,Human Resources,Research Director,70822,3,1,1,No,11,4,4,0
24,Female,Sales,Manager,31155,8,3,3,Yes,34,4,3,0
30,Male,Sales,Human Resources,44157,11,4,2,Yes,6,6,4,0
40,Male,Sales,Research Director,61415,8,1,4,Yes,8,6,3,0
29,Female,Research & Development,Research Scientist,55532,2,1,2,No,18,6,1,0
20,Female,Sales,Sales Representative,43076,8,3,4,No,29,6,2,0
39,Male,Research & Development,Manufacturing Director,35368,7,4,2,No,33,5,4,0
20,Male,Research & Development,Research Director,40216,12,2,2,No,24,4,4,1
27,Male,Research & Development,Research Director,103867,1,3,2,Yes,20,3,2,1
18,Female,Research & Development,Human Resources,81282,19,3,2,No,16,5,2,0
21,Female,Sales,Healthcare Representative,20070,10,3,2,No,2,6,4,0
36,Male,Human Resources,Research Scientist,91116,7,1,4,No,11,0,1,0
53,Female,Research & Development,Research Scientist,128717,22,2,3,Yes,9,0,4,0
50,Male,Research & Development,Research Scientist,72463,18,4,1,No,3,3,3,1
22,Male,Sales,Human Resources,58010,3,4,1,No,30,2,4,0
19,Female,Research & Development,Manager,51794,3,4,1,No,14,3,2,0
32,Female,Human Resources,Manufacturing Director,66221,0,1,3,No,20,2,3,0
45,Male,Sales,Healthcare Representative,52613,14,2,1,No,8,5,2,1
49,Female,Sales,Research Scientist,139768,8,1,2,No,24,6,1,0
52,Male,Sales,Manager,148937,9,2,4,No,6,1,2,0
32,Female,Research & Development,Manufacturing Director,61343,12,4,1,No,27,5,4,0
25,Male,Human Resources,Research Director,139696,13,2,1,No,29,0,1,1
19,Male,Research & Development,Sales Executive,130235,0,1,1,No,13,5,1,1
24,Male,Research & Development,Human Resources,25246,2,3,2,Yes,9,4,4,1
20,Female,Research & Development,Sales Executive,81262,19,4,1,No,31,4,4,0
54,Female,Research & Development,Manufacturing Director,103634,23,3,3,No,9,3,4,0
29,Male,Sales,Manufacturing Director,71987,20,4,3,No,7,0,4,0
52,Female,Sales,Sales Representative,76678,22,3,1,No,14,5,4,0
41,Female,Research & Development,Manager,81712,11,3,3,Yes,38,0,4,1
40,Male,Research & Development,Research Scientist,107989,20,4,2,No,19,3,4,0
37,Female,Research & Development,Healthcare Representative,54658,22,2,1,Yes,11,1,3,1
52,Female,Research & Development,Healthcare Representative,95589,22,2,2,No,21,5,2,0
19,Male,Research & Development,Healthcare Representative,47871,3,3,3,No,14,4,2,0
21,Male,Sales,Sales Executive,135049,3,3,1,No,26,3,2,0
35,Male,Research & Development,Research Scientist,26430,10,2,4,No,18,2,3,0
34,Female,Sales,Healthcare Representative,24043,12,2,4,No,23,5,3,0
40,Female,Human Resources,Laboratory Technician,20093,23,1,1,No,18,1,1,0
48,Male,Research & Development,Healthcare Representative,62195,7,3,1,Yes,19,5,1,0
42,Male,Sales,Research Scientist,96843,20,1,2,No,18,6,3,0
28,Male,Sales,Sales Representative,148041,22,2,4,No,16,1,4,0
31,Male,Research & Development,Research Scientist,76377,24,2,1,No,38,4,4,0
49,Male,Research & Development,Manager,39608,4,4,2,Yes,11,2,1,0
26,Male,Research & Development,Research Director,64713,6,2,3,No,32,6,3,0
39,Female,Sales,Manufacturing Director,32190,5,1,1,No,28,6,3,0
40,Male,Human Resources,Research Scientist,78718,18,3,1,No,21,2,2,0
49,Female,Research & Development,Sales Executive,113411,17,1,1,Yes,13,1,3,1
48,Male,Research & Development,Manufacturing Director,19796,10,2,1,No,19,0,2,1
37,Male,Research & Development,Research Scientist,119953,2,2,3,No,34,4,4,1
30,Female,Human Resources,Research Director,45855,13,1,4,No,8,6,4,0
33,Female,Human Resources,Human Resources,105756,18,4,2,No,23,1,3,0
35,Female,Research & Development,Human Resources,125091,11,2,2,No,30,5,2,0
27,Female,Research & Development,Human Resources,119786,6,3,1,Yes,25,5,3,0
44,Male,Research & Development,Manager,105433,14,4,4,No,6,3,4,0
26,Male,Research & Development,Laboratory Technician,108652,16,2,4,No,20,1,2,0
45,Female,Research & Development,Healthcare Representative,40328,14,4,3,No,8,4,4,0
49,Female,Sales,Laboratory Technician,33329,21,2,2,No,37,4,3,1
58,Female,Sales,Research Director,66469,7,4,1,No,14,5,1,0
22,Female,Human Resources,Manufacturing Director,97109,15,2,4,No,17,3,3,0
49,Male,Human Resources,Manufacturing Director,98452,21,1,1,No,34,0,1,0
21,Male,Human Resources,Sales Representative,119878,5,4,1,Yes,17,1,3,0
32,Male,Research & Development,Manufacturing Director,56646,7,4,3,No,8,2,4,0
25,Female,Research & Development,Manufacturing Director,131844,1,4,1,Yes,35,3,4,1
24,Female,Research & Development,Laboratory Technician,75634,9,1,1,No,26,2,3,0
25,Male,Research & Development,Sales Executive,48241,1,4,3,No,24,6,1,0
19,Female,Sales,Sales Executive,114281,18,2,1,Yes,3,1,4,0
52,Female,Human Resources,Manufacturing Director,32203,2,4,2,No,18,4,2,0
20,Male,Sales,Human Resources,69717,17,4,3,Yes,18,2,1,0
34,Male,Research & Development,Laboratory Technician,120447,14,1,1,No,11,6,4,0
47,Female,Research & Development,Manager,119099,24,2,4,No,23,6,1,1
59,Female,Research & Development,Laboratory Technician,49634,8,2,1,No,10,5,2,0
53,Male,Sales,Laboratory Technician,37484,8,2,3,No,19,5,1,0
23,Male,Research & Development,Research Scientist,19310,6,3,1,No,32,4,3,0
59,Male,Sales,Manager,27065,13,2,3,No,29,4,4,0
45,Female,Research & Development,Manager,126403,5,3,4,No,11,3,3,0
25,Male,Sales,Manufacturing Director,120786,2,3,4,Yes,9,0,4,0
36,Female,Research & Development,Healthcare Representative,83308,23,1,2,No,1,6,4,0
56,Male,Research & Development,Healthcare Representative,91964,16,1,1,Yes,14,6,4,0
34,Male,Sales,Laboratory Technician,59095,2,3,4,No,1,3,1,0
25,Male,Sales,Sales Representative,40926,15,1,3,No,6,6,1,0
54,Female,Research & Development,Healthcare Representative,16542,7,1,1,No,39,2,2,0
58,Male,Sales,Sales Executive,105704,4,3,1,No,34,0,3,1
58,Female,Sales,Healthcare Representative,19769,11,2,2,Yes,22,5,4,0
58,Male,Research & Development,Manufacturing Director,29178,19,1,3,No,31,3,2,0
54,Female,Human Resources,Research Director,122004,0,2,2,Yes,20,6,3,0
37,Male,Research & Development,Laboratory Technician,93682,8,3,4,No,24,1,1,0
26,Male,Research & Development,Human Resources,81110,23,4,3,No,36,3,3,0
43,Female,Human Resources,Manager,44483,9,4,4,No,4,4,4,0
27,Female,Research & Development,Research Scientist,35212,2,3,4,No,14,0,2,0
37,Female,Research & Development,Manufacturing Director,77977,10,4,2,No,5,6,1,0
45,Male,Research & Development,Research Director,63398,17,3,4,No,32,4,2,0
57,Female,Research & Development,Laboratory Technician,87105,24,2,2,Yes,33,1,4,1
30,Male,Research & Development,Sales Representative,37316,15,4,1,Yes,29,5,4,0
28,Female,Research & Development,Research Director,46245,1,2,2,Yes,24,6,3,1
48,Female,Sales,Sales Representative,30239,20,4,2,No,19,2,3,0
18,Female,Research & Development,Sales Executive,72304,19,4,4,Yes,1,4,2,0
41,Female,Sales,Manufacturing Director,52301,16,2,4,No,31,5,4,0
49,Female,Research & Development,Manufacturing Director,45167,22,3,1,No,35,1,4,0
41,Female,Sales,Manufacturing Director,89183,19,4,1,No,38,3,4,1
34,Male,Research & Development,Research Director,82150,5,4,3,No,14,3,4,0
52,Male,Research & Development,Sales Executive,43350,10,1,3,Yes,8,2,3,1
33,Female,Research & Development,Healthcare Representative,109369,12,4,3,No,26,2,4,0
47,Female,Sales,Human Resources,61395,12,3,2,Yes,1,4,3,0
37,Female,Sales,Research Director,61084,15,1,4,No,3,5,3,0
19,Female,Research & Development,Manager,79520,17,1,2,No,33,2,3,0
40,Male,Sales,Human Resources,33771,2,3,2,No,38,1,1,0
20,Male,Research & Development,Manufacturing Director,71704,14,2,2,No,16,5,4,1
57,Female,Research & Development,Manager,93623,0,1,4,Yes,20,1,2,0
43,Female,Sales,Healthcare Representative,32364,12,3,2,No,22,0,3,0
33,Male,Research & Development,Sales Executive,91260,10,3,3,No,6,2,4,0
38,Male,Research & Development,Sales Executive,20246,5,1,4,Yes,9,5,1,0
44,Male,Sales,Human Resources,96470,24,2,1,No,12,5,2,0
28,Male,Human Resources,Research Scientist,19786,6,2,3,Yes,33,2,4,1
30,Female,Sales,Manufacturing Director,38636,1,4,3,Yes,18,3,2,1
35,Female,Research & Development,Manager,62274,8,3,4,No,29,6,3,0
28,Female,Research & Development,Manager,97974,18,1,1,Yes,8,5,3,1
49,Female,Research & Development,Healthcare Representative,112038,0,3,3,No,38,5,4,0
22,Male,Research & Development,Human Resources,78305,12,4,4,Yes,35,0,3,0
52,Male,Sales,Research Director,32719,10,1,2,No,19,1,2,0
32,Male,Human Resources,Human Resources,67310,21,4,3,No,9,0,1,0
41,Male,Research & Development,Manager,121242,0,1,2,No,39,6,2,1
24,Female,Human Resources,Human Resources,27192,0,3,3,No,32,2,3,0
34,Male,Research & Development,Manager,111616,14,2,2,No,20,3,3,0
49,Male,Human Resources,Healthcare Representative,67079,4,3,1,No,11,3,4,0
29,Female,Research & Development,Research Director,15532,17,4,4,Yes,25,3,4,0
23,Female,Research & Development,Research Director,108769,6,4,1,No,15,0,2,0
39,Male,Research & Development,Sales Executive,18610,14,4,1,No,27,6,1,0
24,Male,Research & Development,Human Resources,64902,0,4,4,Yes,33,2,2,0
31,Female,Research & Development,Sales Representative,41329,17,2,4,No,20,6,2,0
36,Female,Research & Development,Human Resources,93838,12,2,3,No,2,5,4,0
41,Female,Sales,Sales Representative,22576,0,3,3,Yes,22,4,4,0
44,Male,Research & Development,Human Resources,27291,6,1,2,No,34,4,4,1
46,Male,Sales,Laboratory Technician,86731,1,3,3,No,9,6,4,1
53,Male,Human Resources,Research Scientist,149181,1,3,3,No,38,2,1,0
20,Female,Sales,Research Scientist,20349,17,4,3,Yes,15,2,1,0
33,Female,Sales,Laboratory Technician,77200,10,1,3,No,27,4,3,0
18,Female,Research & Development,Research Scientist,123357,20,1,3,No,28,1,2,0
18,Female,Research & Development,Manufacturing Director,54251,6,1,4,Yes,8,5,4,0
26,Female,Research & Development,Research Scientist,81549,17,3,3,No,2,0,2,0
43,Male,Human Resources,Research Scientist,128222,15,3,2,Yes,38,6,1,0
55,Male,Sales,Healthcare Representative,113273,16,3,3,Yes,28,2,1,1
50,Female,Research & Development,Research Director,54583,20,1,1,Yes,25,0,2,1
45,Male,Research & Development,Research Scientist,116344,17,2,1,Yes,12,4,1,0
50,Male,Research & Development,Healthcare Representative,106228,18,2,4,Yes,5,1,2,0
25,Male,Research & Development,Manager,83413,18,1,3,No,11,2,3,0
53,Male,Sales,Sales Representative,74552,11,4,1,No,22,3,4,0
55,Female,Research & Development,Sales Executive,139923,18,1,2,Yes,28,4,3,0
21,Female,Research & Development,Sales Representative,133027,21,3,4,No,13,0,1,0
37,Female,Sales,Sales Executive,148682,18,2,3,Yes,9,0,2,0
52,Male,Human Resources,Laboratory Technician,106176,15,4,4,No,10,3,4,0
37,Male,Research & Development,Laboratory Technician,63493,1,3,3,No,38,2,2,0
53,Male,Sales,Research Director,29798,10,2,1,No,25,4,3,1
57,Male,Research & Development,Research Scientist,31991,1,3,1,No,39,5,4,0
37,Female,Sales,Research Director,143411,2,1,1,Yes,1,4,1,0
20,Female,Sales,Human Resources,64037,9,1,3,Yes,18,0,2,1
32,Female,Research & Development,Human Resources,29909,11,2,4,No,18,6,3,0
27,Male,Sales,Laboratory Technician,45152,13,4,2,No,16,5,4,0
37,Female,Sales,Sales Executive,17819,22,4,3,No,16,0,4,0
42,Male,Research & Development,Research Scientist,86685,19,2,3,No,4,5,2,0
37,Male,Sales,Sales Representative,94778,10,2,3,No,2,6,2,0
26,Female,Research & Development,Research Scientist,66082,8,4,3,No,31,3,4,0
30,Male,Research & Development,Manager,115456,17,3,2,No,18,5,4,0
46,Male,Sales,Manufacturing Director,79860,6,1,3,Yes,7,6,4,1
19,Female,Research & Development,Sales Representative,144591,22,1,2,Yes,14,6,3,1
26,Male,Sales,Manager,118030,19,4,3,No,37,6,2,0
55,Female,Research & Development,Manager,25166,17,4,4,Yes,19,1,2,0
22,Male,Sales,Research Director,51992,6,4,1,No,39,0,3,0
35,Female,Human Resources,Human Resources,116820,15,1,3,No,7,4,2,0
26,Male,Sales,Manufacturing Director,87559,20,4,1,No,5,4,3,0
22,Male,Research & Development,Healthcare Representative,116684,1,1,2,No,22,3,3,1
35,Female,Sales,Manager,60246,4,4,3,No,27,1,2,0
39,Male,Sales,Research Director,20148,12,4,2,No,39,6,2,0
25,Female,Research & Development,Healthcare Representative,120969,8,2,1,No,19,2,4,0
21,Male,Research & Development,Manufacturing Director,120978,17,1,2,Yes,8,5,2,0
23,Female,Human Resources,Research Director,101337,10,3,1,No,22,4,2,0
45,Female,Sales,Human Resources,69589,24,1,3,Yes,12,6,2,1
54,Male,Sales,Manager,16148,7,3,1,Yes,8,4,2,0
25,Male,Research & Development,Sales Executive,113260,9,2,2,No,4,4,3,0
31,Female,Research & Development,Laboratory Technician,104106,0,2,2,Yes,29,5,4,1
32,Female,Human Resources,Healthcare Representative,105134,6,4,4,Yes,26,0,2,0
33,Male,Human Resources,Sales Representative,37971,5,4,4,Yes,7,4,1,0
28,Male,Human Resources,Sales Representative,113714,19,2,1,No,22,4,4,0
20,Female,Sales,Research Director,112803,8,2,1,No,35,5,1,1
40,Female,Research & Development,Sales Executive,130760,5,4,3,Yes,32,1,4,0
33,Male,Research & Development,Healthcare Representative,91590,7,2,2,No,18,4,1,0
32,Male,Research & Development,Sales Representative,113758,14,1,3,Yes,3,1,2,0
29,Female,Research & Development,Human Resources,69200,19,4,4,No,25,0,4,0
57,Male,Sales,Research Scientist,109051,24,4,1,Yes,21,4,1,1
43,Male,Research & Development,Research Director,108698,1,2,4,No,36,0,1,0
35,Female,Human Resources,Sales Executive,120244,21,1,1,No,22,0,3,0
26,Male,Sales,Research Scientist,130640,9,1,1,No,29,3,1,0
51,Female,Human Resources,Research Director,15430,20,3,3,No,21,6,1,0
55,Male,Research & Development,Research Director,120130,0,2,4,No,22,5,3,0
19,Female,Sales,Human Resources,121985,15,3,3,No,13,0,4,0
57,Male,Sales,Manager,88626,23,4,1,No,16,0,4,0
47,Female,Sales,Manager,85150,0,1,1,No,12,3,4,1
22,Male,Research & Development,Healthcare Representative,112563,19,4,4,No,19,3,3,0
49,Male,Sales,Healthcare Representative,76464,2,1,3,Yes,38,0,3,1
22,Female,Research & Development,Healthcare Representative,70878,24,1,1,Yes,14,1,4,1
20,Female,Human Resources,Laboratory Technician,123453,18,3,3,Yes,19,0,3,1
22,Female,Research & Development,Research Director,121518,22,3,2,No,37,3,1,0
37,Male,Sales,Manufacturing Director,42936,22,4,1,No,6,4,1,0
44,Male,Research & Development,Manager,126922,7,3,1,Yes,10,2,3,1
35,Female,Research & Development,Sales Representative,59076,10,2,4,No,20,4,4,0
23,Female,Research & Development,Healthcare Representative,33534,17,3,3,No,16,1,3,0
26,Male,Sales,Manager,133586,4,4,1,No,14,5,2,0
53,Female,Research & Development,Sales Executive,47134,7,3,1,No,31,0,2,0
58,Female,Research & Development,Laboratory Technician,42400,2,2,2,No,20,3,3,0
49,Female,Research & Development,Healthcare Representative,51448,22,4,2,Yes,15,2,4,0
22,Female,Sales,Manufacturing Director,81358,6,2,2,No,19,3,2,0
52,Female,Human Resources,Human Resources,37421,10,2,3,Yes,35,3,3,1
47,Female,Sales,Human Resources,36540,11,2,1,Yes,39,4,2,1
40,Female,Sales,Sales Representative,67992,9,2,1,No,10,6,1,0
24,Female,Sales,Manufacturing Director,44421,19,1,3,No,2,3,2,0
59,Female,Research & Development,Sales Executive,41059,22,3,4,No,2,1,1,0
36,Male,Research & Development,Sales Representative,138142,14,3,1,Yes,18,3,3,1
19,Female,Sales,Research Director,95397,20,2,2,No,25,3,1,0
26,Female,Research & Development,Healthcare Representative,16865,2,4,3,No,3,6,2,0
34,Female,Research & Development,Research Director,28718,24,2,1,No,20,3,4,0
20,Female,Sales,Human Resources,124881,2,2,4,No,16,6,1,0
31,Male,Human Resources,Healthcare Representative,51439,1,1,1,No,37,4,2,0
37,Female,Research & Development,Research Scientist,35573,0,4,3,No,24,4,3,0
57,Male,Sales,Sales Executive,104845,6,1,2,No,17,2,4,0
21,Male,Human Resources,Sales Representative,128133,20,1,3,No,23,1,4,0
42,Male,Research & Development,Manager,68803,7,4,1,No,6,0,1,0
56,Female,Research & Development,Research Scientist,115288,19,3,1,No,19,3,1,0
51,Female,Research & Development,Sales Executive,71897,10,1,3,No,13,6,4,0
56,Female,Research & Development,Human Resources,29689,2,2,4,Yes,8,0,3,1
25,Male,Research & Development,Laboratory Technician,122719,11,3,3,No,16,6,4,0
51,Male,Research & Development,Laboratory Technician,139058,5,1,4,Yes,25,6,1,0
59,Female,Research & Development,Manager,147909,7,4,2,No,23,3,1,0
31,Male,Sales,Manufacturing Director,28508,12,3,1,Yes,38,2,1,0
38,Female,Research & Development,Human Resources,91284,19,1,2,No,11,4,1,0
40,Female,Research & Development,Sales Representative,99161,14,3,4,No,28,5,4,1
38,Female,Sales,Manufacturing Director,25674,5,1,4,Yes,22,0,4,0
30,Male,Human Resources,Laboratory Technician,143472,17,3,3,No,35,3,2,0
58,Male,Research & Development,Research Director,28891,17,2,2,No,36,0,1,0
58,Male,Research & Development,Manager,51278,5,1,3,Yes,28,4,1,1
33,Female,Research & Development,Human Resources,145747,21,3,3,Yes,17,0,2,0
51,Male,Research & Development,Manufacturing Director,90073,21,2,3,No,21,2,3,0
34,Female,Sales,Sales Executive,106696,15,2,4,No,26,5,4,0
51,Male,Human Resources,Human Resources,81650,7,4,3,No,32,5,3,0
42,Male,Research & Development,Laboratory Technician,116583,8,3,1,No,9,1,4,0
37,Male,Research & Development,Research Director,25998,10,2,1,No,35,3,4,0
23,Female,Research & Development,Sales Representative,106228,4,1,3,No,32,1,4,0
45,Female,Sales,Laboratory Technician,23996,7,3,4,No,4,4,1,0
31,Male,Sales,Sales Representative,39248,3,1,4,No,11,0,4,0
27,Female,Research & Development,Sales Executive,83343,3,4,3,No,10,5,4,0
26,Female,Sales,Manufacturing Director,75528,18,1,3,No,23,0,3,0
59,Female,Research & Development,Manufacturing Director,35593,3,3,4,No,9,4,3,0
22,Female,Human Resources,Manager,122740,11,2,4,No,12,2,4,0
51,Male,Research & Development,Healthcare Representative,55751,10,3,1,No,8,1,3,0
54,Male,Research & Development,Manager,131958,1,2,2,No,3,3,2,1
19,Female,Research & Development,Healthcare Representative,17024,20,1,2,No,18,0,3,0
42,Male,Sales,Sales Representative,47040,24,4,3,No,13,4,4,0
42,Male,Human Resources,Research Scientist,55075,15,4,2,No,20,4,1,0
33,Male,Research & Development,Sales Representative,95454,16,1,2,Yes,9,3,3,1
46,Female,Sales,Sales Executive,69139,5,1,1,No,12,2,1,1
35,Male,Sales,Sales Executive,36208,21,3,1,No,35,3,3,0
36,Male,Human Resources,Sales Representative,92093,19,4,2,No,32,6,1,0
36,Female,Sales,Research Scientist,144367,10,3,4,No,11,5,4,0
51,Male,Research & Development,Sales Representative,33045,17,1,2,Yes,7,0,3,1
44,Male,Sales,Research Scientist,49047,23,3,1,No,39,2,2,0
33,Male,Sales,Research Scientist,79596,15,2,2,Yes,27,0,3,0
56,Male,Human Resources,Human Resources,113095,4,3,4,Yes,20,1,3,0
51,Female,Sales,Research Scientist,33442,8,2,3,Yes,28,5,1,0
57,Female,Sales,Human Resources,46200,4,1,3,No,9,5,3,0
48,Male,Research & Development,Manufacturing Director,46750,8,1,1,No,17,3,3,1
34,Female,Human Resources,Research Director,98167,22,3,4,No,16,4,2,0
50,Female,Research & Development,Human Resources,26125,4,3,1,No,29,2,2,0
31,Female,Sales,Research Scientist,104000,22,2,4,No,8,3,2,0
29,Female,Human Resources,Laboratory Technician,72438,7,1,4,Yes,20,5,1,1
36,Female,Research & Development,Manager,59337,12,4,3,No,33,1,4,0
58,Male,Human Resources,Research Director,131390,13,1,4,Yes,8,2,3,0
41,Male,Research & Development,Research Scientist,125542,3,1,4,Yes,5,0,2,0
34,Female,Research & Development,Research Scientist,123397,4,2,3,Yes,33,1,2,1
37,Female,Research & Development,Manufacturing Director,134525,7,3,4,No,35,0,3,0
30,Female,Research & Development,Research Scientist,46577,1,4,3,No,17,5,1,0
45,Male,Research & Development,Laboratory Technician,130434,18,3,3,No,2,5,3,0
32,Male,Research & Development,Research Scientist,38758,13,4,2,No,22,2,1,0
41,Female,Human Resources,Research Director,59657,21,3,3,No,12,4,4,0
33,Male,Research & Development,Research Director,89995,21,4,2,No,23,1,4,0
31,Female,Sales,Research Scientist,115485,8,1,1,Yes,6,0,4,1
58,Female,Research & Development,Healthcare Representative,92985,20,1,2,No,32,3,1,0
32,Female,Research & Development,Manager,90531,1,3,1,Yes,27,1,1,1
20,Male,Research & Development,Manager,65822,10,4,4,Yes,26,5,2,0
33,Female,Research & Development,Human Resources,95004,16,3,2,No,20,1,2,0
40,Female,Research & Development,Manager,79139,11,2,4,Yes,9,5,3,1
21,Female,Sales,Sales Representative,79452,18,2,2,Yes,37,1,3,1
30,Female,Research & Development,Sales Executive,94072,21,1,2,No,11,0,2,1
24,Male,Research & Development,Sales Executive,96035,10,2,1,No,15,3,1,0
39,Female,Human Resources,Manager,59544,6,3,4,No,37,1,2,0
48,Female,Research & Development,Human Resources,33313,14,1,3,Yes,2,2,3,1
58,Female,Research & Development,Manufacturing Director,55440,21,2,2,No,5,2,2,1
34,Female,Research & Development,Manager,70194,24,2,3,No,30,6,2,0
54,Male,Research & Development,Research Scientist,36724,20,2,4,No,15,3,1,0
27,Female,Sales,Healthcare Representative,38985,6,4,3,No,23,5,1,0
50,Male,Human Resources,Sales Representative,143383,5,4,2,No,23,4,3,0
41,Male,Human Resources,Manager,52814,14,2,4,No,33,6,4,0
49,Female,Research & Development,Research Scientist,114762,10,4,4,No,25,3,4,0
49,Male,Research & Development,Research Director,32254,15,3,4,Yes,17,6,4,0
40,Male,Sales,Human Resources,146260,23,4,1,Yes,22,6,3,0
28,Female,Research & Development,Healthcare Representative,43686,13,3,4,No,29,6,3,0
40,Female,Research & Development,Manufacturing Director,68170,8,3,1,No,15,4,1,0
52,Male,Research & Development,Healthcare Representative,120560,21,3,3,No,7,6,1,0
58,Male,Sales,Research Director,42193,10,2,3,No,19,5,3,0
56,Male,Research & Development,Healthcare Representative,89227,15,3,1,No,39,2,4,0
25,Female,Sales,Sales Executive,121042,3,3,1,No,5,1,4,0
43,Male,Research & Development,Sales Executive,18191,12,3,4,No,7,1,3,0
22,Female,Research & Development,Research Director,18424,10,1,4,Yes,39,4,1,0
46,Female,Sales,Research Director,121450,3,3,1,No,33,1,4,0
59,Female,Research & Development,Sales Representative,50470,5,3,3,Yes,5,1,2,0
20,Male,Research & Development,Research Scientist,137778,17,1,1,No,9,4,1,0
45,Female,Research & Development,Research Scientist,140198,4,4,3,No,27,2,4,0
57,Male,Sales,Manufacturing Director,133857,3,4,2,No,31,4,1,0
53,Male,Research & Development,Laboratory Technician,149565,1,3,4,Yes,29,6,2,1
34,Male,Research & Development,Manufacturing Director,126107,0,4,3,No,34,0,3,0
22,Male,Research & Development,Manager,66769,10,4,2,Yes,20,4,4,0
56,Female,Research & Development,Laboratory Technician,148949,12,2,3,Yes,35,5,4,0
56,Male,Sales,Research Scientist,61692,15,4,2,No,24,0,1,0
42,Female,Research & Development,Manufacturing Director,94164,14,4,1,No,19,5,1,0
59,Male,Research & Development,Sales Representative,15771,13,1,3,No,25,3,4,0
18,Male,Research & Development,Manager,144949,24,4,4,No,17,4,2,0
43,Male,Sales,Laboratory Technician,94899,6,1,2,No,24,0,1,0
19,Male,Research & Development,Laboratory Technician,143093,17,2,1,No,33,3,3,0
57,Male,Research & Development,Manager,62632,1,4,1,Yes,38,2,3,0
46,Female,Sales,Research Scientist,57287,21,3,2,No,23,1,4,0
56,Female,Research & Development,Research Director,85524,9,2,4,No,1,5,2,0
41,Male,Sales,Research Director,131563,8,3,2,Yes,25,3,4,0
21,Female,Sales,Sales Executive,89100,3,1,4,No,10,6,3,0
19,Female,Research & Development,Human Resources,121983,12,1,2,No,10,1,4,1
32,Male,Sales,Sales Executive,43950,9,4,2,No,35,5,2,0
49,Male,Research & Development,Healthcare Representative,119732,24,1,4,Yes,18,4,3,0
24,Male,Sales,Sales Representative,113882,4,4,3,Yes,31,4,4,0
53,Female,Research & Development,Laboratory Technician,135997,10,2,1,No,15,2,4,0
28,Female,Research & Development,Research Scientist,22781,22,1,1,No,24,4,2,0
38,Male,Research & Development,Sales Executive,66865,20,4,1,No,26,1,3,0
26,Female,Research & Development,Sales Representative,26974,19,1,4,Yes,35,5,3,1
37,Female,Research & Development,Sales Executive,69007,13,2,1,No,8,3,1,0
36,Female,Research & Development,Healthcare Representative,117451,21,1,1,No,22,3,1,0
18,Male,Sales,Manufacturing Director,101407,5,4,4,Yes,16,4,3,1
41,Female,Research & Development,Human Resources,116654,20,2,3,Yes,19,0,1,0
51,Female,Sales,Human Resources,114603,14,3,4,Yes,34,2,3,0
57,Female,Research & Development,Research Director,148953,8,1,1,Yes,6,1,2,0
31,Female,Sales,Sales Representative,133764,5,3,3,Yes,22,6,2,0
54,Female,Human Resources,Healthcare Representative,94143,13,3,1,Yes,16,2,4,0
54,Female,Research & Development,Manufacturing Director,133239,0,2,3,Yes,35,0,2,0
59,Male,Research & Development,Research Scientist,21467,17,4,1,No,9,0,4,0
33,Male,Research & Development,Human Resources,112380,5,2,4,No,10,6,4,0
53,Male,Sales,Manufacturing Director,85474,9,3,2,No,4,1,4,0
41,Male,Sales,Manufacturing Director,144180,4,1,2,No,18,0,4,0
20,Female,Human Resources,Research Scientist,83007,11,4,4,Yes,1,1,3,0
29,Female,Research & Development,Laboratory Technician,39114,9,1,1,No,20,1,2,0
46,Female,Sales,Manager,112754,4,3,4,No,9,0,4,0
24,Female,Research & Development,Manufacturing Director,143295,22,1,3,No,16,6,4,0
36,Male,Research & Development,Manager,17183,18,1,3,Yes,24,0,2,0
50,Male,Sales,Research Scientist,23665,9,1,2,Yes,27,5,2,1
24,Female,Research & Development,Sales Executive,104273,1,4,4,No,3,5,2,0
38,Male,Sales,Research Director,90008,21,1,2,Yes,6,4,1,1
27,Female,Sales,Manufacturing Director,89061,17,4,2,Yes,13,0,2,0
40,Male,Research & Development,Manufacturing Director,27176,13,3,2,Yes,21,5,1,0
28,Male,Sales,Laboratory Technician,92233,15,1,2,No,35,2,4,0
58,Female,Human Resources,Manager,91680,0,2,2,No,6,2,2,0
21,Female,Research & Development,Manager,129652,11,2,1,Yes,3,1,3,0
58,Female,Research & Development,Manufacturing Director,67664,4,2,2,No,25,5,1,0
51,Male,Research & Development,Human Resources,61967,16,3,2,No,39,4,3,0
53,Female,Human Resources,Human Resources,26017,23,4,2,Yes,33,1,3,0
53,Female,Research & Development,Research Scientist,91531,13,4,4,No,23,2,3,0
25,Female,Research & Development,Manager,102495,15,3,1,Yes,1,5,4,0
57,Male,Research & Development,Human Resources,52898,16,4,4,No,23,6,1,0
42,Male,Human Resources,Healthcare Representative,113711,23,4,4,No,18,6,3,0
58,Female,Sales,Sales Executive,141637,0,1,1,No,18,0,2,0
54,Male,Research & Development,Research Scientist,38515,7,3,3,No,20,6,4,0
42,Female,Research & Development,Sales Representative,92313,6,4,1,Yes,22,3,3,1
33,Male,Research & Development,Human Resources,108748,17,1,1,No,29,5,4,0
22,Male,Human Resources,Research Scientist,17492,11,3,4,No,8,2,1,0
22,Female,Research & Development,Healthcare Representative,39171,19,4,1,No,3,4,2,0
34,Male,Sales,Healthcare Representative,68410,11,2,2,No,3,1,3,0
52,Male,Research & Development,Laboratory Technician,33548,24,4,1,Yes,16,3,1,0
39,Female,Research & Development,Manager,62994,19,4,1,Yes,20,1,3,0
38,Male,Sales,Research Director,34894,0,3,1,Yes,31,2,1,1
28,Female,Sales,Laboratory Technician,136043,24,3,4,No,17,2,1,0
41,Male,Sales,Sales Executive,95875,23,3,1,No,21,6,3,0
44,Female,Research & Development,Manufacturing Director,59438,1,2,4,No,39,4,2,0
59,Male,Human Resources,Laboratory Technician,120136,9,2,1,Yes,30,4,2,1
48,Male,Research & Development,Sales Representative,17486,24,3,4,Yes,27,1,2,0
43,Female,Sales,Healthcare Representative,95580,20,2,4,Yes,15,3,3,1
56,Female,Research & Development,Sales Executive,107264,11,4,3,No,6,3,3,0
35,Male,Human Resources,Manufacturing Director,124262,13,4,4,No,36,5,3,0
57,Female,Research & Development,Sales Representative,45006,0,2,2,No,22,1,4,0
33,Male,Sales,Healthcare Representative,94849,14,3,4,No,4,0,3,0
23,Male,Sales,Manager,118636,16,1,1,No,19,3,1,0
35,Female,Human Resources,Laboratory Technician,122638,8,1,3,Yes,4,5,1,1
23,Female,Human Resources,Laboratory Technician,38712,7,2,4,Yes,39,5,4,1
22,Male,Sales,Research Scientist,146830,20,1,3,Yes,21,5,2,0
55,Female,Research & Development,Sales Executive,51985,11,4,2,Yes,31,2,2,0
51,Male,Sales,Sales Executive,67779,6,1,3,No,19,1,2,0
27,Male,Sales,Manager,40927,9,2,4,No,1,4,4,0
53,Male,Research & Development,Research Scientist,35242,12,2,4,No,25,0,4,0
20,Male,Research & Development,Manager,49487,6,1,3,No,26,6,2,0
29,Female,Research & Development,Human Resources,33278,14,2,3,No,9,4,3,0
47,Male,Human Resources,Sales Representative,113923,21,3,4,No,28,3,3,0
30,Male,Research & Development,Manager,95659,18,4,3,No,9,1,3,0
48,Female,Sales,Research Scientist,67653,5,1,1,No,27,1,4,0
54,Female,Research & Development,Healthcare Representative,88858,11,1,4,Yes,30,6,3,1
20,Male,Research & Development,Human Resources,96567,13,2,1,No,6,0,1,0
19,Female,Research & Development,Manufacturing Director,39871,17,2,3,No,12,0,3,0
57,Male,Human Resources,Research Director,55089,18,4,2,Yes,7,2,4,0
39,Female,Research & Development,Sales Representative,134084,12,1,1,Yes,29,1,1,1
39,Female,Sales,Laboratory Technician,16633,7,2,2,No,10,4,2,0
37,Male,Sales,Research Scientist,144161,16,3,1,No,25,0,1,0
36,Male,Research & Development,Sales Executive,145179,3,2,2,No,17,5,3,0
46,Female,Human Resources,Laboratory Technician,49184,16,3,2,No,4,5,1,0
42,Male,Sales,Laboratory Technician,58296,22,4,2,No,35,1,3,0
24,Male,Sales,Manager,42929,17,3,1,No,28,4,1,0
44,Female,Research & Development,Manager,90688,10,2,3,Yes,11,4,4,0
46,Male,Sales,Healthcare Representative,43879,20,4,1,No,35,5,2,0
22,Female,Sales,Sales Representative,121742,13,4,4,No,28,5,2,0
33,Female,Human Resources,Sales Representative,67301,13,4,1,No,32,6,4,0
51,Male,Research & Development,Sales Representative,145603,21,1,1,No,7,0,2,0
43,Male,Human Resources,Human Resources,130185,4,4,2,No,1,4,1,0
23,Female,Research & Development,Manufacturing Director,69177,19,4,2,No,3,5,4,0
19,Male,Research & Development,Research Director,95454,16,4,4,No,22,1,1,0
42,Male,Human Resources,Manufacturing Director,18292,13,3,3,Yes,31,1,2,0
37,Male,Sales,Research Scientist,24119,1,2,2,No,36,0,1,1
58,Female,Sales,Research Scientist,83313,19,3,4,Yes,38,6,3,0
39,Male,Human Resources,Sales Executive,78852,5,3,1,No,24,6,2,0
57,Female,Research & Development,Human Resources,68770,22,4,4,Yes,25,0,4,0
27,Male,Human Resources,Research Scientist,27194,19,2,2,No,12,1,1,0
36,Female,Sales,Research Director,128381,9,3,2,No,1,3,3,0
23,Female,Human Resources,Research Director,69838,10,4,2,Yes,8,6,1,1
42,Male,Research & Development,Manufacturing Director,78451,0,4,1,No,3,5,1,0
25,Female,Research & Development,Human Resources,69475,12,1,3,No,27,6,2,0
38,Male,Human Resources,Human Resources,82142,1,4,3,Yes,20,5,4,0
32,Male,Research & Development,Human Resources,102527,24,1,3,No,31,4,4,1
25,Female,Research & Development,Healthcare Representative,118137,16,4,3,No,6,2,3,0
22,Female,Research & Development,Laboratory Technician,89176,5,1,1,No,36,4,2,0
39,Female,Research & Development,Sales Executive,37406,20,1,4,No,29,3,2,0
57,Male,Human Resources,Research Director,133091,0,3,3,Yes,36,6,1,0
26,Male,Research & Development,Research Director,53425,13,3,3,Yes,26,3,2,0
35,Male,Sales,Healthcare Representative,17197,2,3,1,No,14,5,2,0
27,Male,Sales,Sales Executive,20270,1,2,4,No,25,1,3,0
51,Male,Human Resources,Research Director,119489,6,1,3,Yes,24,4,1,0
35,Female,Human Resources,Laboratory Technician,67239,7,3,2,No,8,3,1,0
58,Male,Human Resources,Healthcare Representative,18058,18,3,4,No,4,3,3,0
28,Female,Sales,Manager,124544,22,3,3,Yes,26,5,1,1
21,Male,Research & Development,Research Scientist,56079,19,2,4,No,4,3,2,0
42,Male,Research & Development,Sales Executive,147023,18,4,4,No,4,0,3,0
45,Male,Research & Development,Sales Executive,133754,14,4,1,Yes,3,2,4,0
59,Male,Sales,Human Resources,21502,9,1,4,Yes,25,6,3,1
54,Male,Research & Development,Human Resources,108205,6,1,3,Yes,37,6,4,0
55,Male,Sales,Manufacturing Director,96434,23,1,1,No,20,4,2,0
44,Female,Research & Development,Manufacturing Director,38219,13,1,4,Yes,6,4,3,0
33,Female,Sales,Manufacturing Director,61313,14,3,2,No,20,1,4,0
36,Male,Sales,Manufacturing Director,81255,0,3,4,No,19,5,1,0
23,Male,Sales,Healthcare Representative,34725,11,2,1,Yes,24,4,3,1
36,Male,Human Resources,Manufacturing Director,112457,17,3,2,No,17,0,2,0
33,Male,Research & Development,Manager,52435,12,4,2,No,21,6,4,0
19,Male,Human Resources,Manufacturing Director,141541,15,4,2,Yes,13,5,2,0
26,Male,Research & Development,Manager,123227,20,2,3,No,36,0,4,0
40,Female,Research & Development,Human Resources,100633,0,3,1,Yes,21,2,4,1
33,Male,Research & Development,Research Scientist,31168,22,3,3,No,13,5,3,0
59,Male,Research & Development,Sales Executive,18331,20,4,1,Yes,1,5,1,1
38,Male,Research & Development,Healthcare Representative,34698,10,4,2,No,27,1,1,0
58,Female,Research & Development,Research Scientist,82459,19,2,3,No,15,0,3,0
45,Male,Research & Development,Laboratory Technician,120469,1,4,2,No,10,6,2,0
19,Male,Human Resources,Research Director,35649,7,2,2,No,19,6,2,0
26,Male,Sales,Manufacturing Director,110494,2,4,3,Yes,19,5,4,0
47,Male,Research & Development,Healthcare Representative,21450,15,4,1,No,32,4,2,0
40,Male,Sales,Sales Representative,50857,21,4,4,Yes,22,4,2,0
30,Female,Sales,Research Scientist,95798,15,1,4,Yes,28,3,2,0
39,Male,Research & Development,Healthcare Representative,126830,17,1,4,Yes,26,4,4,0
55,Male,Research & Development,Sales Executive,119884,3,4,2,No,34,2,2,0
34,Female,Research & Development,Healthcare Representative,86907,23,1,2,No,1,0,2,0
19,Male,Sales,Laboratory Technician,19868,4,1,4,Yes,15,2,3,0
31,Male,Human Resources,Human Resources,54607,13,2,3,No,28,2,1,0
57,Male,Human Resources,Laboratory Technician,120784,17,2,4,No,6,2,3,0
49,Female,Research & Development,Research Scientist,25963,21,1,1,No,18,3,3,0
53,Female,Human Resources,Sales Executive,110362,23,1,4,No,16,0,1,0
56,Female,Sales,Research Scientist,110029,14,2,3,No,32,2,4,0
22,Female,Research & Development,Research Scientist,116518,14,3,4,No,38,3,1,0
29,Female,Human Resources,Laboratory Technician,44326,10,3,4,No,5,1,4,0
20,Female,Research & Development,Sales Representative,48038,14,4,1,No,9,3,4,1
18,Female,Research & Development,Research Director,41797,16,4,1,Yes,31,4,1,0
53,Female,Research & Development,Research Director,68135,16,1,1,No,7,2,2,0
57,Female,Research & Development,Human Resources,85733,14,3,3,No,20,0,1,0
24,Male,Research & Development,Human Resources,31166,11,1,4,Yes,37,4,3,1
48,Male,Sales,Healthcare Representative,91598,4,2,1,Yes,39,4,2,1
40,Female,Sales,Manufacturing Director,47250,1,2,1,No,38,2,2,1
20,Male,Research & Development,Manager,90889,10,3,2,No,6,0,4,0
56,Male,Research & Development,Laboratory Technician,55876,9,2,2,No,6,0,3,0
54,Female,Research & Development,Manager,143876,15,4,1,Yes,7,0,4,0
41,Female,Human Resources,Human Resources,58123,22,2,3,No,31,5,3,0
47,Female,Research & Development,Research Scientist,132626,17,4,4,Yes,7,2,2,0
34,Male,Research & Development,Sales Representative,38630,20,4,1,No,17,2,1,0
51,Male,Research & Development,Human Resources,26463,14,3,1,Yes,32,4,1,0
36,Male,Research & Development,Healthcare Representative,40476,23,1,1,No,20,4,3,0
59,Male,Research & Development,Manufacturing Director,71615,23,3,1,No,37,0,3,0
20,Female,Research & Development,Laboratory Technician,136698,3,2,2,No,20,6,3,0
25,Male,Research & Development,Research Scientist,38793,15,2,1,No,15,1,4,0
58,Male,Research & Development,Laboratory Technician,120825,12,2,2,No,38,5,1,0
30,Male,Research & Development,Sales Representative,109082,24,2,1,No,22,5,3,0
31,Female,Research & Development,Healthcare Representative,61504,14,2,3,No,8,3,3,0
51,Male,Sales,Research Scientist,60415,0,4,2,No,25,1,3,0
25,Male,Research & Development,Healthcare Representative,142931,5,2,1,No,31,3,1,0
39,Female,Research & Development,Research Director,111475,3,2,1,No,33,1,2,0
30,Female,Sales,Sales Executive,47254,5,3,2,No,1,5,1,0
26,Male,Research & Development,Sales Executive,138100,2,1,3,No,5,5,1,0
58,Female,Research & Development,Human Resources,69920,19,3,1,No,25,5,4,0
26,Female,Research & Development,Sales Representative,25758,12,4,2,Yes,29,5,3,0
21,Male,Research & Development,Manager,124825,16,4,3,No,26,1,4,0
46,Male,Research & Development,Human Resources,132277,24,1,2,No,15,0,3,0
54,Female,Sales,Manager,74789,16,2,1,No,30,4,1,0
23,Male,Research & Development,Healthcare Representative,110030,11,1,2,No,23,4,4,0
47,Female,Research & Development,Research Scientist,46674,6,3,1,No,37,6,3,0
40,Female,Research & Development,Research Director,129798,18,2,4,No,15,4,1,0
52,Female,Research & Development,Sales Representative,64752,12,4,4,No,30,5,1,0
23,Female,Research & Development,Laboratory Technician,51086,18,1,2,Yes,6,2,4,0
58,Male,Sales,Sales Representative,82597,0,4,1,No,29,0,3,0
44,Female,Research & Development,Sales Representative,51075,4,2,1,Yes,29,0,1,1
53,Female,Sales,Sales Executive,98786,3,4,3,No,10,3,2,0
33,Male,Research & Development,Research Scientist,115936,17,1,4,No,3,0,4,0
57,Female,Sales,Manager,69756,12,2,2,No,39,3,4,0
44,Male,Research & Development,Manager,120765,7,2,3,Yes,3,2,4,0
23,Male,Research & Development,Manager,73226,7,4,1,Yes,19,1,2,1
56,Male,Research & Development,Manufacturing Director,145978,15,3,4,Yes,1,4,1,0
51,Male,Sales,Research Director,50632,24,4,2,No,17,4,2,0
30,Female,Research & Development,Healthcare Representative,110139,24,3,1,No,33,0,3,0
40,Male,Research & Development,Research Scientist,87271,11,4,4,No,20,3,4,0
34,Male,Research & Development,Research Scientist,142376,16,3,4,No,10,6,3,0
40,Female,Sales,Research Director,44626,2,3,2,No,16,2,1,0
58,Female,Human Resources,Sales Representative,41561,23,4,4,Yes,4,5,3,0
55,Male,Research & Development,Healthcare Representative,132116,0,4,1,No,24,2,1,0
27,Male,Research & Development,Research Scientist,136648,8,3,2,No,1,1,3,0
58,Female,Sales,Sales Executive,115894,18,2,3,Yes,14,5,2,1
36,Female,Research & Development,Research Scientist,79109,24,3,3,No,3,2,3,0
47,Female,Research & Development,Sales Executive,70387,4,3,2,No,10,6,3,0
50,Female,Sales,Healthcare Representative,104987,16,4,4,No,3,4,3,0
38,Male,Research & Development,Research Scientist,115875,4,3,4,Yes,37,5,1,0
37,Female,Research & Development,Research Scientist,52256,1,4,1,No,31,5,4,0
37,Male,Human Resources,Laboratory Technician,15944,10,3,4,Yes,37,6,3,0
54,Male,Human Resources,Sales Representative,24930,14,4,1,No,27,3,3,0
34,Female,Sales,Healthcare Representative,61506,6,4,3,No,20,6,2,0
29,Female,Sales,Research Scientist,107030,24,4,2,No,7,0,1,0
33,Male,Research & Development,Sales Representative,74440,15,1,2,No,38,3,3,1
26,Male,Human Resources,Healthcare Representative,98481,10,4,1,Yes,36,2,2,0
34,Female,Human Resources,Research Scientist,78422,12,2,2,No,17,0,4,1
22,Male,Sales,Sales Representative,48973,11,4,1,Yes,9,6,3,1
21,Female,Sales,Human Resources,116078,2,2,4,No,16,5,2,0
48,Male,Sales,Healthcare Representative,112665,15,2,1,No,16,5,1,1
21,Female,Research & Development,Research Scientist,144979,19,3,2,No,36,4,3,0
41,Male,Research & Development,Laboratory Technician,126467,10,3,1,No,3,4,4,0
50,Male,Research & Development,Manager,66299,10,3,1,No,25,2,2,0
48,Male,Research & Development,Human Resources,110140,22,1,2,No,30,4,3,0
36,Female,Sales,Human Resources,62330,15,4,4,No,30,6,1,0
26,Female,Research & Development,Human Resources,132832,7,2,2,Yes,8,1,2,0
57,Female,Sales,Research Director,97419,0,4,4,No,17,2,4,0
53,Female,Research & Development,Manager,127675,20,2,4,No,14,0,2,0
43,Male,Research & Development,Manager,52969,15,3,2,No,16,6,4,0
21,Female,Research & Development,Sales Representative,17014,15,3,4,No,4,3,2,0
19,Female,Research & Development,Sales Representative,34082,7,1,2,Yes,4,4,4,0
31,Female,Research & Development,Manager,86734,4,2,3,No,1,1,3,0
24,Female,Research & Development,Research Scientist,144808,12,3,3,No,38,0,4,0
54,Female,Sales,Research Director,99650,18,4,3,No,17,5,3,0
26,Female,Sales,Sales Executive,124286,7,4,4,Yes,9,6,2,1
29,Female,Research & Development,Manufacturing Director,78348,13,2,1,No,32,2,2,0
58,Male,Sales,Manufacturing Director,144397,24,3,2,No,20,5,3,0
52,Female,Sales,Human Resources,142029,5,1,3,No,15,4,4,0
27,Male,Sales,Sales Executive,44407,5,4,2,No,5,4,1,0
34,Female,Sales,Healthcare Representative,131392,5,4,4,No,16,1,4,0
39,Male,Research & Development,Manufacturing Director,17404,22,4,2,No,26,4,4,0
45,Female,Research & Development,Sales Executive,95000,13,2,2,Yes,25,1,4,0
57,Male,Sales,Laboratory Technician,74030,22,2,2,No,16,1,3,0
54,Female,Research & Development,Manufacturing Director,55677,23,4,3,Yes,24,2,4,0
59,Male,Sales,Human Resources,141037,10,3,1,No,30,1,2,0
19,Male,Research & Development,Manufacturing Director,104413,1,1,1,No,37,6,3,1
27,Female,Sales,Research Director,33673,7,3,4,No,21,0,4,0
41,Female,Research & Development,Sales Representative,33800,13,3,1,No,9,6,4,0
20,Male,Human Resources,Research Director,30820,9,2,1,Yes,6,1,3,0
32,Male,Research & Development,Research Director,56044,0,2,2,No,7,6,2,0
24,Female,Sales,Sales Representative,24308,24,1,2,No,1,2,4,1
57,Female,Sales,Sales Representative,50666,7,2,1,Yes,22,6,3,0
20,Male,Sales,Research Scientist,118277,15,1,4,No,9,3,4,0
24,Female,Research & Development,Sales Representative,132947,23,2,1,No,9,3,3,0
26,Male,Sales,Sales Executive,121100,13,1,2,No,29,0,4,0
24,Female,Human Resources,Sales Representative,81967,17,2,1,No,13,3,2,1
41,Male,Research & Development,Manager,108875,0,3,2,No,33,3,3,0
33,Male,Research & Development,Sales Representative,142430,17,2,1,No,6,6,4,0
56,Male,Research & Development,Manager,22194,21,1,4,No,14,1,3,0
28,Female,Sales,Manufacturing Director,137116,22,4,4,Yes,3,0,1,0
40,Female,Research & Development,Manufacturing Director,112643,2,2,1,Yes,21,1,4,0
45,Male,Sales,Manager,67163,5,3,1,No,5,1,2,0
44,Female,Research & Development,Healthcare Representative,75564,1,3,4,No,10,6,1,0
51,Female,Research & Development,Manufacturing Director,74203,22,3,2,No,29,1,2,0
26,Female,Sales,Healthcare Representative,36315,6,2,1,No,35,6,1,1
39,Female,Research & Development,Healthcare Representative,46093,13,4,1,No,22,0,4,0
51,Male,Sales,Laboratory Technician,54842,11,4,2,Yes,38,5,4,0
54,Male,Sales,Manager,15784,17,4,3,No,30,2,2,0
43,Female,Research & Development,Laboratory Technician,82654,22,2,3,No,30,0,4,0
45,Male,Research & Development,Laboratory Technician,79331,8,2,1,No,39,4,3,0
54,Male,Human Resources,Manufacturing Director,59502,19,1,2,Yes,4,5,4,0
44,Male,Research & Development,Sales Executive,38817,7,2,2,No,10,5,1,0
57,Female,Research & Development,Manager,145916,4,4,3,No,18,1,1,0
23,Female,Sales,Sales Representative,106597,2,2,2,No,25,4,4,0
32,Female,Sales,Human Resources,79090,9,4,1,No,39,3,2,0
22,Male,Human Resources,Laboratory Technician,112560,14,4,4,Yes,4,3,3,0
21,Male,Sales,Healthcare Representative,65240,19,3,3,No,9,6,4,0
37,Female,Research & Development,Healthcare Representative,44096,21,3,2,No,12,2,2,1
27,Male,Sales,Sales Representative,105877,13,4,1,No,27,2,1,0
35,Female,Sales,Manager,119032,10,1,1,No,38,3,4,0
36,Male,Research & Development,Research Director,102823,4,1,4,No,37,6,2,0
44,Male,Research & Development,Research Director,91463,22,1,4,No,30,6,1,0
57,Male,Research & Development,Research Scientist,15329,9,4,3,No,31,4,2,0
53,Female,Human Resources,Manufacturing Director,101111,19,2,1,No,17,0,3,0
33,Female,Sales,Manager,98493,15,1,2,Yes,24,2,4,0
31,Male,Research & Development,Healthcare Representative,70680,23,1,2,No,7,0,1,0
50,Female,Sales,Healthcare Representative,47908,24,2,1,No,20,0,3,0
23,Female,Research & Development,Research Scientist,147179,17,2,1,No,12,5,1,0
40,Female,Research & Development,Manager,65656,16,1,2,No,37,5,2,0
35,Female,Research & Development,Sales Representative,51724,3,1,2,No,15,0,2,1
25,Male,Sales,Sales Executive,110357,0,4,3,Yes,16,3,3,0
43,Female,Research & Development,Manager,80065,13,4,3,No,16,1,3,0
31,Female,Research & Development,Human Resources,90247,17,1,2,Yes,36,0,1,0
25,Male,Human Resources,Manager,102521,18,2,2,Yes,37,2,1,1
45,Male,Sales,Human Resources,64768,6,2,3,Yes,17,0,3,0
25,Female,Human Resources,Manufacturing Director,35560,12,2,1,No,39,5,2,0
46,Female,Sales,Sales Executive,37600,21,1,1,Yes,30,6,3,1
24,Male,Research & Development,Sales Representative,141852,2,4,4,No,34,2,1,0
36,Male,Sales,Research Scientist,83240,9,3,1,No,36,1,3,0
51,Female,Sales,Sales Executive,71295,23,4,1,Yes,13,3,4,0
27,Male,Research & Development,Research Scientist,58114,4,2,3,No,22,6,2,0
50,Male,Sales,Human Resources,112420,7,4,3,No,12,1,3,0
48,Female,Research & Development,Research Director,138245,11,3,1,No,13,4,2,0
55,Female,Research & Development,Laboratory Technician,118808,17,1,4,No,19,0,2,0
25,Male,Research & Development,Manager,87136,6,2,1,No,2,2,1,0
48,Male,Research & Development,Manufacturing Director,79186,19,4,3,Yes,9,3,2,0
57,Male,Research & Development,Research Scientist,131905,5,4,3,No,32,2,4,0
50,Male,Sales,Human Resources,130603,9,3,4,Yes,7,1,1,0
25,Female,Research & Development,Research Director,67674,14,1,3,No,25,5,2,0
52,Male,Sales,Manufacturing Director,145178,0,3,3,Yes,30,4,4,1
22,Male,Sales,Manufacturing Director,126704,19,4,1,No,11,3,2,0
42,Male,Sales,Research Director,129240,16,1,4,No,18,2,4,0
38,Female,Research & Development,Healthcare Representative,22632,20,2,1,Yes,35,0,2,1
40,Female,Research & Development,Manufacturing Director,32551,6,1,2,Yes,33,4,3,0
39,Female,Research & Development,Manufacturing Director,55246,9,1,2,Yes,36,1,4,0
19,Male,Research & Development,Healthcare Representative,117771,22,4,2,No,25,2,3,0
39,Female,Research & Development,Healthcare Representative,25553,1,1,3,No,35,6,4,0
57,Male,Research & Development,Sales Executive,26187,12,1,1,Yes,16,4,3,1
36,Female,Sales,Healthcare Representative,19272,12,1,2,No,24,4,1,0
29,Female,Research & Development,Manufacturing Director,40909,11,4,2,Yes,27,1,1,0
59,Female,Research & Development,Laboratory Technician,139046,10,2,3,No,39,3,3,0
22,Male,Research & Development,Manufacturing Director,112363,18,4,3,No,15,0,2,0
38,Female,Sales,Manufacturing Director,111777,4,2,4,No,35,1,2,0
39,Female,Research & Development,Manufacturing Director,54491,22,3,1,No,20,5,2,0
38,Female,Research & Development,Human Resources,99389,22,4,4,No,5,3,4,0
56,Male,Sales,Healthcare Representative,120162,4,3,2,Yes,26,4,4,0
35,Female,Sales,Healthcare Representative,86886,24,3,2,No,39,5,4,1
58,Female,Research & Development,Laboratory Technician,130578,6,1,3,Yes,18,6,1,1
20,Male,Research & Development,Human Resources,91889,1,1,1,Yes,22,0,3,1
48,Female,Research & Development,Sales Executive,58818,9,3,4,No,37,4,3,0
42,Male,Sales,Healthcare Representative,101223,19,2,2,No,36,6,4,1
28,Female,Research & Development,Research Scientist,142323,21,1,4,No,16,1,2,0
27,Female,Sales,Sales Representative,126588,16,1,1,No,30,6,3,0
48,Male,Research & Development,Manufacturing Director,82292,20,2,4,No,25,4,2,0
44,Male,Research & Development,Laboratory Technician,95579,6,1,2,Yes,26,2,2,0
43,Female,Research & Development,Sales Executive,146755,21,3,3,No,29,5,1,0
20,Male,Sales,Research Director,116058,15,2,4,No,13,6,3,0
43,Male,Research & Development,Manufacturing Director,82838,3,2,1,Yes,12,0,1,1
59,Male,Human Resources,Laboratory Technician,52932,3,1,2,No,2,4,3,1
18,Female,Human Resources,Research Director,137293,6,3,4,No,34,6,4,0
37,Female,Sales,Sales Executive,146862,1,1,1,No,11,4,1,0
38,Female,Research & Development,Healthcare Representative,24549,7,3,1,No,27,3,1,0
55,Male,Research & Development,Research Scientist,19306,24,4,3,No,27,0,3,0
29,Male,Sales,Research Scientist,30538,6,4,1,No,28,3,4,0
37,Female,Research & Development,Sales Executive,67187,15,3,4,No,34,6,1,0
48,Female,Research & Development,Research Scientist,36583,24,4,4,No,34,5,2,0
20,Female,Research & Development,Human Resources,134076,6,4,1,No,1,3,1,0
51,Female,Research & Development,Healthcare Representative,138419,17,3,1,No,33,2,4,0
52,Female,Research & Development,Human Resources,39370,11,2,4,Yes,9,5,4,0
48,Male,Research & Development,Laboratory Technician,126924,7,3,3,No,26,6,1,0
45,Male,Research & Development,Sales Representative,34080,23,4,4,No,27,2,1,0
49,Female,Sales,Sales Executive,121289,16,3,4,No,3,5,1,0
50,Female,Research & Development,Sales Executive,64333,10,2,2,No,12,2,4,0
55,Female,Human Resources,Sales Executive,20438,20,1,2,No,36,5,4,1
35,Female,Research & Development,Human Resources,72806,22,1,3,No,6,6,2,0
37,Male,Sales,Sales Representative,126072,19,2,3,No,10,4,1,0
44,Male,Research & Development,Sales Representative,141008,21,4,2,Yes,4,3,3,0
26,Female,Human Resources,Human Resources,31351,8,3,2,No,7,2,4,0
53,Female,Human Resources,Laboratory Technician,127876,8,1,2,No,25,0,4,0
50,Male,Research & Development,Sales Representative,54588,5,4,3,Yes,33,0,2,0
44,Male,Research & Development,Healthcare Representative,77652,17,2,2,Yes,24,5,4,0
30,Female,Research & Development,Healthcare Representative,29686,20,2,2,No,12,4,4,0
32,Female,Research & Development,Manager,146351,16,4,1,No,34,1,4,0
36,Female,Human Resources,Healthcare Representative,121684,14,2,4,No,15,3,2,0
45,Male,Research & Development,Sales Executive,101707,19,3,3,Yes,13,6,2,0
